,0
0,https://lnb.com.br/noticias/campo-mourao-61-x-74-fortaleza-basquete-cearense/
1,https://lnb.com.br/noticias/flamengo-102-x-68-minas-tenis-clube/
2,https://lnb.com.br/noticias/unifacisa-86-x-88-campo-mourao/
3,https://lnb.com.br/partidas/nbb-2020-2021-corinthians-x-sesi-franca-12112020-1530/
4,https://lnb.com.br/noticias/fortaleza-basquete-cearense-69-x-82-flamengo/
5,https://lnb.com.br/noticias/minas-76-x-54-pato-basquete/
6,https://lnb.com.br/noticias/mogi-basquete-85-x-90-bauru-basket/
7,https://lnb.com.br/noticias/campo-mourao-54-x-94-minas-tenis-clube/
8,https://lnb.com.br/noticias/sao-paulo-107-x-61-corinthians/
9,https://lnb.com.br/noticias/pato-basquete-69-x-76-fortaleza-basquete-cearense/
10,https://lnb.com.br/noticias/brasilia-57-x-73-paulistano/
11,https://lnb.com.br/noticias/flamengo-86-x-79-unifacisa/
12,https://lnb.com.br/noticias/franca-80-x-60-pinheiros/
13,https://lnb.com.br/noticias/cerrado-basquete-79-x-86-sesi-franca-basquete/
14,https://lnb.com.br/noticias/bauru-93-x-70-brasilia-2/
15,https://lnb.com.br/noticias/corinthians-76-x-74-pinheiros/
16,https://lnb.com.br/partidas/nbb-2020-2021-viptech-cmb-x-pato-basquete-17112020-1500/
17,https://lnb.com.br/noticias/unifacisa-69-x-67-fortaleza/
18,https://lnb.com.br/noticias/mogi-75-x-112-sao-paulo-fc/
19,https://lnb.com.br/noticias/kto-caxias-do-sul-84-x-69-brasilia-basquete/
20,https://lnb.com.br/noticias/cerrado-81-x-83-bauru/
21,https://lnb.com.br/noticias/paulistano-75-x-74-corinthians/
22,https://lnb.com.br/noticias/pato-basquete-x-unifacisa/
23,https://lnb.com.br/partidas/nbb-2020-2021-fortaleza-b-c-x-minas-19112020-1600/
24,https://lnb.com.br/noticias/pinheiros-73-x-100-sao-paulo/
25,https://lnb.com.br/noticias/sesi-franca-x-mogi/
26,https://lnb.com.br/noticias/paulistano-corpore-72-x-61-cerrado-basquete/
27,https://lnb.com.br/noticias/zopone-gocil-bauru-basket-74-x-54-caxias-do-sul-basquete/
28,https://lnb.com.br/noticias/flamengo-78-x-63-campo-mourao/
29,https://lnb.com.br/noticias/sao-paulo-90-x-96-sesi-franca/
30,https://lnb.com.br/noticias/minas-tenis-clube-108-x-99-unifacisa/
31,https://lnb.com.br/noticias/brasilia-84-x-78-pinheiros/
32,https://lnb.com.br/noticias/caxias-62-x-86-paulistano/
33,https://lnb.com.br/noticias/flamengo-105-x-70-pato-basquete/
34,https://lnb.com.br/noticias/brasilia-71-x-85-corinthians/
35,https://lnb.com.br/noticias/mogi-81-x-75-cerrado/
36,https://lnb.com.br/noticias/cerrado-basquete-67-x-63-caxias-do-sul-basquete/
37,https://lnb.com.br/noticias/corinthians-81-x-87-mogi/
38,https://lnb.com.br/noticias/cerrado-67-x-75-unifacisa/
39,https://lnb.com.br/noticias/fortaleza-basquete-cearense-85-x-78-kto-caxias-do-sul-do-basquete/
40,https://lnb.com.br/noticias/minas-tenis-clube-105-x-100-brasilia-basquete/
41,https://lnb.com.br/partidas/nbb-2020-2021-pato-basquete-x-sesi-franca-03122020-1430/
42,https://lnb.com.br/noticias/pinheiros-62-x-95-flamengo/
43,https://lnb.com.br/noticias/sao-paulo-92-x-79-campo-mourao/
44,https://lnb.com.br/noticias/kto-caxias-do-sul-63-x-94-minas-tenis-clube/
45,https://lnb.com.br/noticias/unifacisa-91-x-74-brasilia/
46,https://lnb.com.br/noticias/paulistano-69-x-62-mogi/
47,https://lnb.com.br/noticias/cerrado-73-x-75-fortaleza-bc/
48,https://lnb.com.br/noticias/campo-mourao-79-x-66-pinheiros/
49,https://lnb.com.br/noticias/pato-basquete-71-x-80-sao-paulo/
50,https://lnb.com.br/noticias/flamengo-93-x-62-sesi-franca/
51,https://lnb.com.br/noticias/bauru-82-x-67-corinthians/
52,https://lnb.com.br/noticias/fortaleza-basquete-cearense-71-x-63-brasilia/
53,https://lnb.com.br/noticias/minas-97-x-77-cerrado/
54,https://lnb.com.br/noticias/caxias-do-sul-x-unifacisa/
55,https://lnb.com.br/noticias/pinheiros-85-x-77-pato-basquete/
56,https://lnb.com.br/noticias/sesi-franca-basquete-95-x-58-campo-mourao/
57,https://lnb.com.br/noticias/bauru-81-x-62-paulistano/
58,https://lnb.com.br/noticias/sao-paulo-80-x-68-flamengo/
59,https://lnb.com.br/noticias/unifacisa-94-x-74-corinthians/
60,https://lnb.com.br/noticias/pato-basquete-80-x-79-bauru/
61,https://lnb.com.br/noticias/flamengo-104-x-76-paulistano/
62,https://lnb.com.br/noticias/mogi-das-cruzes-98-x-91-unifacisa/
63,https://lnb.com.br/noticias/pinheiros-79-x-72-caxias-do-sul/
64,https://lnb.com.br/noticias/brasilia-80-x-104-sao-paulo/
65,https://lnb.com.br/noticias/bauru-73-x-90-flamengo/
66,https://lnb.com.br/noticias/paulistano-75-x-68-pato/
67,https://lnb.com.br/noticias/sesi-franca-90-x-93-brasilia/
68,https://lnb.com.br/noticias/pinheiros-80-x-77-cerrado/
69,https://lnb.com.br/noticias/caxias-do-sul-89-x-109-sao-paulo/
70,https://lnb.com.br/noticias/fortaleza-basquete-cearense-85-x-88-mogi/
71,https://lnb.com.br/noticias/franca-84-x-81-caxias-do-sul/
72,https://lnb.com.br/noticias/campo-mourao-75-x-88-bauru/
73,https://lnb.com.br/noticias/sao-paulo-91-x-83-cerrado/
74,https://lnb.com.br/noticias/mogi-74-x-80-minas/
75,https://lnb.com.br/noticias/paulistano-103-x-101-campo-mourao/
76,https://lnb.com.br/noticias/brasilia-74-x-103-flamengo/
77,https://lnb.com.br/noticias/unifacisa-92-x-85-franca/
78,https://lnb.com.br/noticias/minas-96-x-92-sao-paulo/
79,https://lnb.com.br/noticias/fortaleza-bc-79-x-62-pinheiros/
80,https://lnb.com.br/noticias/brasilia-98-x-pato-104/
81,https://lnb.com.br/noticias/cerrado-67-x-87-flamengo/
82,https://lnb.com.br/partidas/nbb-2020-2021-kto-caxias-do-sul-x-viptech-cmb-20122020-2130/
83,https://lnb.com.br/noticias/pinheiros-76-x-84-minas/
84,https://lnb.com.br/noticias/sesi-franca-98-x-81-fortaleza-basquete-cearense/
85,https://lnb.com.br/noticias/sao-paulo-77-x-65-unifacisa/
86,https://lnb.com.br/noticias/pato-basquete-79-x-68-cerrado/
87,https://lnb.com.br/noticias/campo-mourao-94-x-78-brasilia/
88,https://lnb.com.br/noticias/flamengo-80-x-76-caxias/
89,https://lnb.com.br/noticias/unifacisa-72-x-84-pinheiros/
90,https://lnb.com.br/noticias/minas-tenis-clube-89-x-82-sesi-franca-basquete/
91,https://lnb.com.br/noticias/fortaleza-92-x-85-sao-paulo/
92,https://lnb.com.br/noticias/flamengo-87-x-56-mogi/
93,https://lnb.com.br/noticias/paulistano-87-x-85-sesi-franca/
94,https://lnb.com.br/noticias/bauru-79-x-68-sao-paulo/
95,https://lnb.com.br/noticias/mogi-74-x-68-pinheiros/
96,https://lnb.com.br/noticias/corinthians-83-x-69-flamengo/
97,https://lnb.com.br/noticias/franca-82-x-89-bauru/
98,https://lnb.com.br/noticias/sao-paulo-78-x-64-paulistano/
99,https://lnb.com.br/noticias/campo-mourao-92-x-86-mogi-basquete/
100,https://lnb.com.br/noticias/pato-basquete-75-x-80-corinthians/
101,https://lnb.com.br/partidas/nbb-2020-2021-bauru-x-minas-05012021-1700/
102,https://lnb.com.br/noticias/paulistano-78-x-73-fortaleza-bc/
103,https://lnb.com.br/noticias/cerrado-97-x-85-brasilia/
104,https://lnb.com.br/noticias/mogi-78-x-63-pato-basquete/
105,https://lnb.com.br/noticias/corinthians-96-x-72-campo-mourao/
106,https://lnb.com.br/noticias/fortaleza-bc-71-x-60-bauru/
107,https://lnb.com.br/noticias/minas-70-x-63-paulistano/
108,https://lnb.com.br/noticias/pato-77-x-92-caxias-do-sul/
109,https://lnb.com.br/noticias/campo-mourao-66-x-74-cerrado/
110,https://lnb.com.br/noticias/brasilia-86-x-90-mogi/
111,https://lnb.com.br/noticias/bauru-89-x-75-unifacisa/
112,https://lnb.com.br/noticias/paulistano-68-x-46-pinheiros/
113,https://lnb.com.br/noticias/caxias-87-x-82-mogi/
114,https://lnb.com.br/noticias/cerrado-71-x-74-corinthians/
115,https://lnb.com.br/noticias/unifacisa-89-x-77-paulistano/
116,https://lnb.com.br/noticias/pinheiros-89-x-92-bauru/
117,https://lnb.com.br/noticias/corinthians-77-x-83-caxias-basquete/
118,https://lnb.com.br/noticias/sao-paulo-86-x-81-caxias-basquete/
119,https://lnb.com.br/noticias/bauru-60-x-72-pinheiros/
120,https://lnb.com.br/noticias/sesi-franca-84-x-81-corinthians/
121,https://lnb.com.br/noticias/pato-basquete-98-x-76-brasilia/
122,https://lnb.com.br/noticias/campo-mourao-59-x-72-unifacisa/
123,https://lnb.com.br/noticias/cerrado-basquete-80-x-93-minas-tenis-clube/
124,https://lnb.com.br/noticias/flamengo-77-x-74-fortaleza-bc/
125,https://lnb.com.br/noticias/caxias-basquete-63-x-71-bauru-basket/
126,https://lnb.com.br/noticias/pinheiros-101-x-99-sesi-franca/
127,https://lnb.com.br/noticias/sao-paulo-96-x-72-mogi-basquerte/
128,https://lnb.com.br/noticias/fortaleza-bc-68-x-71-pato-basquete/
129,https://lnb.com.br/noticias/cerrado-74-x-57-campo-mourao/
130,https://lnb.com.br/noticias/brasilia-75-x-99-minas/
131,https://lnb.com.br/noticias/unifacisa-79-x-81-flamengo/
132,https://lnb.com.br/noticias/paulistano-71-x-64-caxias-basquete/
133,https://lnb.com.br/noticias/corinthians-74-x-64-bauru-basket/
134,https://lnb.com.br/noticias/pinheiros-77-x-81-mogi-das-cruze/
135,https://lnb.com.br/noticias/flamengo-115-x-58-brasilia/
136,https://lnb.com.br/noticias/cerrado-77-x-76-pato/
137,https://lnb.com.br/noticias/unifacisa-76-x-88-minas/
138,https://lnb.com.br/noticias/corinthians-98-x-100-paulistano/
139,https://lnb.com.br/noticias/mogi-75-x-77-corinthians/
140,https://lnb.com.br/noticias/sesi-franca-76-x-97-sao-paulo/
141,https://lnb.com.br/noticias/paulistano-69-x-64-bauru/
142,https://lnb.com.br/noticias/brasilia-83-x-103-unifacisa/
143,https://lnb.com.br/noticias/fortaleza-bc-86-x-77-cerrado/
144,https://lnb.com.br/noticias/mogi-86-x-75-caxias/
145,https://lnb.com.br/noticias/pinheiros-67-x-98-corinthians/
146,https://lnb.com.br/noticias/franca-90-x-82-paulistano/
147,https://lnb.com.br/noticias/sao-paulo-fc-92-x-84-bauru/
148,https://lnb.com.br/noticias/nbb-20-21-pato-x-campo-mourao/
149,https://lnb.com.br/noticias/unifacisa-67-x-81-cerrado/
150,https://lnb.com.br/noticias/minas-94-x-96-flamengo/
151,https://lnb.com.br/noticias/brasilia-87-x-67-fortaleza-bc/
152,https://lnb.com.br/noticias/bauru-74-x-70-sesi-franca/
153,https://lnb.com.br/noticias/sao-paulo-100-x-74-pinheiros/
154,https://lnb.com.br/noticias/caxias-79-x-78-corinthians/
155,https://lnb.com.br/noticias/fortaleza-bc-75-x-87-unifacisa/
156,https://lnb.com.br/noticias/brasilia-73-x-86-cerrado/
157,https://lnb.com.br/noticias/pato-85-x-61-flamengo/
158,https://lnb.com.br/noticias/minas-91-x-70-campo-mourao/
159,https://lnb.com.br/noticias/caxias-76-x-73-pinheiros/
160,https://lnb.com.br/noticias/paulistano-63-x-71-sao-paulo/
161,https://lnb.com.br/noticias/mogi-87-x-75-franca/
162,https://lnb.com.br/noticias/campo-mourao-74-x-93-flamengo/
163,https://lnb.com.br/noticias/pato-basquete-67-x-83-minas/
164,https://lnb.com.br/noticias/unifacisa-88-x-83-kto-caxias-do-sul-basquete/
165,https://lnb.com.br/noticias/pinheiros-52-x-97-brasilia/
166,https://lnb.com.br/noticias/cerrado-78-x-84-mogi/
167,https://lnb.com.br/noticias/sesi-franca-109-x-69-pato/
168,https://lnb.com.br/noticias/sao-paulo-90-x-92-minas/
169,https://lnb.com.br/noticias/paulistano-70-x-84-flamengo/
170,https://lnb.com.br/noticias/brb-brasilia-66-x-88-kto-caxias-do-sul/
171,https://lnb.com.br/noticias/pinheiros-73-x-87-unifacisa/
172,https://lnb.com.br/noticias/corinthians-83-x-61-cerrado/
173,https://lnb.com.br/noticias/mogi-84-x-94-fortaleza/
174,https://lnb.com.br/noticias/bauru-101-x-55-pato-basquete/
175,https://lnb.com.br/noticias/campo-mourao-78-x-86-paulistano/
176,https://lnb.com.br/noticias/flamengo-93-x-74-sao-paulo/
177,https://lnb.com.br/noticias/franca-87-x-93-minas/
178,https://lnb.com.br/noticias/caxias-91-x-88-cerrado/
179,https://lnb.com.br/noticias/corinthians-96-x-70-brasilia/
180,https://lnb.com.br/noticias/unifacisa-88-x-70-mogi/
181,https://lnb.com.br/noticias/pinheiros-46-x-92-fortaleza-bc/
182,https://lnb.com.br/noticias/sao-paulo-84-x-85-pato-basquete/
183,https://lnb.com.br/noticias/paulistano-76-x-74-minas/
184,https://lnb.com.br/noticias/bauru-104-x-92-campo-mourao/
185,https://lnb.com.br/noticias/sesi-franca-91-x-94-flamengo/
186,https://lnb.com.br/noticias/caxias-81-x-82-fortaleza-basquete-cearense/
187,https://lnb.com.br/noticias/campo-mourao-73-x-113-sesi-franca/
188,https://lnb.com.br/noticias/flamengo-91-x-86-bauru/
189,https://lnb.com.br/noticias/fortaleza-77-x-83-corinthians/
190,https://lnb.com.br/noticias/mogi-62-x-69-paulistano/
191,https://lnb.com.br/noticias/sao-paulo-fc-92-x-46-brasilia/
192,https://lnb.com.br/noticias/171017/
193,https://lnb.com.br/noticias/mogi-das-cruzes-96-x-79-campo-mourao/
194,https://lnb.com.br/noticias/paulistano-81-x-65-unifacisa/
195,https://lnb.com.br/noticias/minas-74-x-70-caxias/
196,https://lnb.com.br/noticias/brasilia-70-x-99-bauru/
197,https://lnb.com.br/noticias/sao-paulo-98-x-76-fortaleza-basquete-cearense/
198,https://lnb.com.br/noticias/campo-mourao-73-x-89-caxias-do-sul/
199,https://lnb.com.br/noticias/minas-85-x-80-mogi/
200,https://lnb.com.br/noticias/corinthians-91-x-82-pato/
201,https://lnb.com.br/noticias/flamengo-100-x-63-pinheiros/
202,https://lnb.com.br/noticias/brasilia-79-x-96-franca/
203,https://lnb.com.br/noticias/unifacisa-79-x-90-sao-paulo/
204,https://lnb.com.br/noticias/mogi-74-x-89-flamengo/
205,https://lnb.com.br/noticias/corinthians-78-x-65-minas/
206,https://lnb.com.br/noticias/franca-91-x-89-unifacisa/
207,https://lnb.com.br/noticias/flamengo-98-x-85-corinthians/
208,https://lnb.com.br/noticias/minas-92-x-66-fortaleza/
209,https://lnb.com.br/noticias/cerrado-80-x-86-sao-paulo/
210,https://lnb.com.br/noticias/pato-basquete-49-x-87-paulistano/
211,https://lnb.com.br/noticias/caxias-do-sul-77-x-71-sesi-franca/
212,https://lnb.com.br/noticias/brasilia-89-x-79-campo-mourao/
213,https://lnb.com.br/noticias/corinthians-85-x-78-sao-paulo/
214,https://lnb.com.br/noticias/bauru-98-x-97-fortaleza-basquete-cearense/
215,https://lnb.com.br/noticias/minas-93-x-61-pinheiros/
216,https://lnb.com.br/noticias/pato-73-x-62-mogi/
217,https://lnb.com.br/noticias/sesi-franca-93-x-81-cerrado/
218,https://lnb.com.br/noticias/paulistano-70-x-66-brasilia/
219,https://lnb.com.br/noticias/corinthians-93-x-79-unifacisa/
220,https://lnb.com.br/noticias/caxias-58-x-77-flamengo/
221,https://lnb.com.br/noticias/campo-mourao-74-x-99-sao-paulo/
222,https://lnb.com.br/noticias/fortaleza-basquete-cearense-84-x-69-sesi-franca/
223,https://lnb.com.br/noticias/minas-tenis-clube-81-x-79-bauru/
224,https://lnb.com.br/noticias/caxias-do-sul-x-pato/
225,https://lnb.com.br/noticias/pinheiros-x-paulistano/
226,https://lnb.com.br/noticias/flamengo-87-x-56-cerrado-basquete/
227,https://lnb.com.br/noticias/mogi-97-x-77-brasilia/
228,https://lnb.com.br/noticias/unifacisa-72-x-88-bauru/
229,https://lnb.com.br/noticias/campo-mourao-74-x-86-corinthians/
230,https://lnb.com.br/noticias/cerrado-63-x-71-pinheiros/
231,https://lnb.com.br/noticias/unifacisa-99-x-80-pato-basquete/
232,https://lnb.com.br/noticias/bauru-xx-x-xx-mogi/
233,https://lnb.com.br/noticias/fortaleza-83-x-84-campo-mourao/
234,https://lnb.com.br/noticias/cerrado-67-x-75-paulistano/
235,https://lnb.com.br/noticias/pinheiros-x-campo-mourao/
236,https://lnb.com.br/noticias/bauru-81-x-69-cerrado/
237,https://lnb.com.br/noticias/fortaleza-bc-97-x-92-paulistano/
238,https://lnb.com.br/noticias/caxias-65-x-75-bauru/
239,https://lnb.com.br/noticias/unifacisa-70-x-77-mogi-jogo-1/
240,https://lnb.com.br/noticias/fortaleza-bc-64-x-82-sesi-franca-jogo-1/
241,https://lnb.com.br/noticias/pato-61-x-90-corinthians-jogo-1/
242,https://lnb.com.br/noticias/bauru-74-x-73-caxias-oitavas/
243,https://lnb.com.br/noticias/mogi-84-x-95-unifacisa-jogo-2/
244,https://lnb.com.br/noticias/corinthians-89-x-84-pato-oitavas-jogo-2/
245,https://lnb.com.br/noticias/sesi-franca-82-x-58-fortaleza-bc-oitavas-jogo-2/
246,https://lnb.com.br/noticias/mogi-94-x-85-unifacisa-oitavas-jogo-3/
247,https://lnb.com.br/noticias/mogi-79-x-109-flamengo-quartas-jogo-1/
248,https://lnb.com.br/noticias/bauru-66-x-78-paulistano-quartas-jogo-1/
249,https://lnb.com.br/noticias/corinthians-71-x-78-sao-paulo-quartas-jogo-1/
250,https://lnb.com.br/noticias/sesi-franca-85-x-91-minas-quartas-jogo-1/
251,https://lnb.com.br/noticias/paulistano-77-x-87-bauru/
252,https://lnb.com.br/noticias/flamengo-77-x-67-mogi-jogo-2-quartas/
253,https://lnb.com.br/noticias/sao-paulo-79-x-68-corinthians-jogo-2-quartas/
254,https://lnb.com.br/noticias/minas-72-x-82-franca-jogo-2-quartas/
255,https://lnb.com.br/noticias/paulistano-78-x-65-bauru-quartas-jogo-3/
256,https://lnb.com.br/noticias/minas-93-x-68-franca-quartas-jogo-3/
257,https://lnb.com.br/noticias/minas-70-x-88-sao-paulo-semis-jogo-1/
258,https://lnb.com.br/noticias/flamengo-92-x-69-paulistano-semis-jogo-1/
259,https://lnb.com.br/noticias/sao-paulo-90-x-85-minas-semis-jogo-2/
260,https://lnb.com.br/noticias/paulistano-75-x-81-flamengo-semis-jogo-2/
261,https://lnb.com.br/noticias/paulistano-58-x-69-flamengo-jogo-3-semis/
262,https://lnb.com.br/noticias/sao-paulo-80-x-79-minas-semis-jogo-3/
263,https://lnb.com.br/noticias/flamengo-96-x-93-sao-paulo-finais-jogo-1/
264,https://lnb.com.br/noticias/sao-paulo-81-x-82-flamengo-finais-jogo-2/
265,https://lnb.com.br/noticias/sao-paulo-85-x-93-flamengo-finais-jogo-3/
266,https://lnb.com.br/partidas/nbb-2019-2020-minas-x-flamengo-12102019-1250/
267,https://lnb.com.br/partidas/nbb-2019-2020-unifacisa-x-rio-claro-12102019-1600/
268,https://lnb.com.br/noticias/basquete-cearense-87-x-90-renata-rio-claro/
269,https://lnb.com.br/noticias/minas-84-x-85-botafogo/
270,https://lnb.com.br/noticias/paulistano-93-x-75-sao-jose/
271,https://lnb.com.br/noticias/corinthians-84-x-97-sao-paulo/
272,https://lnb.com.br/noticias/unifacisa-76-x-60-pato-basquete/
273,https://lnb.com.br/noticias/universo-brasilia-78-x-63-botafogo/
274,https://lnb.com.br/noticias/paulistano-94-x-105-mogi-das-cruzes/
275,https://lnb.com.br/noticias/basquete-cearense-78-x-58-pato-basquete/
276,https://lnb.com.br/noticias/sao-paulo-73-x-67-sao-jose/
277,https://lnb.com.br/noticias/brasilia-81-x-86-flamengo/
278,https://lnb.com.br/noticias/corinthians-87-x-89-franca/
279,https://lnb.com.br/noticias/pinheiros-87-x-96-sesi-franca-basquete/
280,https://lnb.com.br/noticias/corinthians-88-x-71-bauru-basket/
281,https://lnb.com.br/noticias/flamengo-78-x-75-paulistano/
282,https://lnb.com.br/noticias/sao-paulo-80-x-83-mogi-das-cruzes/
283,https://lnb.com.br/noticias/rio-claro-89-x-90-minas-tenis-clube/
284,https://lnb.com.br/noticias/pinheiros-76-x-68-sendi-bauru-basket/
285,https://lnb.com.br/noticias/pato-basquete-62-x-80-minas-tenis-clube/
286,https://lnb.com.br/noticias/mogi-85-x-79-corinthians/
287,https://lnb.com.br/noticias/franca-basquete-x-unifacisa/
288,https://lnb.com.br/noticias/flamengo-95-x-102-sao-paulo/
289,https://lnb.com.br/noticias/sao-jose-70-x-85-corinthians/
290,https://lnb.com.br/noticias/rio-claro-76-x-81-piniheiros/
291,https://lnb.com.br/noticias/bauru-92-x-99-unifacisa/
292,https://lnb.com.br/noticias/pato-basquete-73-x-76-brasilia-2/
293,https://lnb.com.br/noticias/franca-88-x-80-basquete-cearense/
294,https://lnb.com.br/noticias/botafogo-70-x-84-paulistano/
295,https://lnb.com.br/noticias/sao-jose-84-x-89-pinheiros/
296,https://lnb.com.br/noticias/brasilia-x-renata-rio-claro/
297,https://lnb.com.br/noticias/bauru-90-x-80-basquete-cearense/
298,https://lnb.com.br/noticias/mogi-das-cruzes-73-x-69-pinheiros/
299,https://lnb.com.br/noticias/corinthians-102-x-76-botafogo/
300,https://lnb.com.br/noticias/sao-paulo-75-x-78-minas/
301,https://lnb.com.br/noticias/paulistano-80-x-76-minas-tenis-clube/
302,https://lnb.com.br/noticias/unifacisa-72-x-64-botafogo/
303,https://lnb.com.br/noticias/pato-basquete-47-x-82-sesi-franca/
304,https://lnb.com.br/noticias/rio-claro-73-x-82-corinthians/
305,https://lnb.com.br/noticias/unifacisa-79-x-80-flamengo/
306,https://lnb.com.br/noticias/basquete-cearense-72-x-76-botafogo/
307,https://lnb.com.br/noticias/bauru-96-x-98-sao-jose/
308,https://lnb.com.br/noticias/sao-paulo-81-x-69-brasilia/
309,https://lnb.com.br/noticias/pato-basquete-61-x-87-pinheiros/
310,https://lnb.com.br/noticias/basquete-cearense-71-x-88-flamengo/
311,https://lnb.com.br/noticias/bauru-87-x-75-mogi-das-cruzes/
312,https://lnb.com.br/noticias/paulistano-86-x-68-brasilia/
313,https://lnb.com.br/noticias/sesi-franca-basquete-95-x-90-sao-jose/
314,https://lnb.com.br/noticias/sesi-franca-basquete-86-x-80-sao-jose/
315,https://lnb.com.br/noticias/flamengo-76-x-59-pato-basquete/
316,https://lnb.com.br/noticias/botafogo-78-x-85-sao-paulo/
317,https://lnb.com.br/noticias/bauru-74-x-82-paulistano/
318,https://lnb.com.br/noticias/basquete-cearense-77-x-81-sao-jose-basketball/
319,https://lnb.com.br/noticias/botafogo-85-x-79-pato-basquete/
320,https://lnb.com.br/noticias/flamengo-74-x-75-mogi-das-cruzes/
321,https://lnb.com.br/noticias/franca-89-x-92-paulistano/
322,https://lnb.com.br/noticias/unifacisa-89-x-77-sao-jose/
323,https://lnb.com.br/noticias/universo-brasilia-62-x-96-sendi-bauru-basket/
324,https://lnb.com.br/noticias/mogi-das-cruzes-73-x-64-pato-basquete/
325,https://lnb.com.br/noticias/corinthians-78-x-64-paulistano/
326,https://lnb.com.br/noticias/minas-tenis-clube-87-x-68-sendi-bauru-basket/
327,https://lnb.com.br/noticias/pinheiros-78-x-88-sao-paulo/
328,https://lnb.com.br/noticias/sao-jose-81-x-71-pato-basquete/
329,https://lnb.com.br/noticias/mogi-81-x-83-rio-claro/
330,https://lnb.com.br/noticias/brasilia-72-x-81-sesi-franca/
331,https://lnb.com.br/noticias/paulistano-76-x-78-basquete-cearense/
332,https://lnb.com.br/noticias/pinheiros-70-x-75-flamengo/
333,https://lnb.com.br/noticias/minas-89-x-97-franca/
334,https://lnb.com.br/noticias/sao-jose-87-x-95-rio-claro/
335,https://lnb.com.br/noticias/corinthians-80-x-69-basquete-cearense/
336,https://lnb.com.br/noticias/pinheiros-76-x-81-paulistano/
337,https://lnb.com.br/noticias/flamengo-81-x-72-botafogo/
338,https://lnb.com.br/noticias/corinthians-91-x-75-unifacisa/
339,https://lnb.com.br/noticias/rio-claro-74-x-92-bauru/
340,https://lnb.com.br/noticias/pinheiros-83-x-70-basquete-cearense/
341,https://lnb.com.br/noticias/paulistano-77-x-76-unifacisa/
342,https://lnb.com.br/noticias/pato-basquete-68-x-90-corinthians/
343,https://lnb.com.br/noticias/sao-paulo-92-x-73-basquete-cearense/
344,https://lnb.com.br/noticias/bauru-71-x-78-botafogo/
345,https://lnb.com.br/noticias/sao-jose-92-x-94-brasilia/
346,https://lnb.com.br/noticias/pinheiros-83-x-82-unifacisa/
347,https://lnb.com.br/noticias/mogi-das-cruzes-93-x-84-universo-brasilia/
348,https://lnb.com.br/noticias/franca-85-x-68-botafogo/
349,https://lnb.com.br/noticias/paulistano-87-x-90-rio-claro/
350,https://lnb.com.br/noticias/sao-paulo-79-x-89-unifacisa/
351,https://lnb.com.br/noticias/mogi-91-x-84-minas/
352,https://lnb.com.br/noticias/sendi-bauru-basket-66-x-79-flamengo/
353,https://lnb.com.br/noticias/basquete-cearense-94-x-56-brasilia/
354,https://lnb.com.br/noticias/sao-jose-basketball-93-x-109-minas-tenis-clube/
355,https://lnb.com.br/noticias/franca-78-x-82-flamengo/
356,https://lnb.com.br/noticias/botafogo-92-x-72-rio-claro/
357,https://lnb.com.br/noticias/unifacisa-91-x-72-brasilia/
358,https://lnb.com.br/noticias/bauru-70-x-73-sao-paulo/
359,https://lnb.com.br/noticias/basquete-cearense-67-x-71-mogi-das-cruzes/
360,https://lnb.com.br/noticias/corinthians-81-x-82-pinheiros/
361,https://lnb.com.br/noticias/sesi-franca-basquete-87-x-88-sao-paulo/
362,https://lnb.com.br/noticias/flamengo-91-x-78-rio-claro/
363,https://lnb.com.br/noticias/unifacisa-99-x-83-mogi-das-cruzes/
364,https://lnb.com.br/noticias/basquete-cearense-79-x-82-minas-tenis-clube/
365,https://lnb.com.br/noticias/rio-claro-98-x-84-franca/
366,https://lnb.com.br/noticias/paulistano-92-x-98-sao-paulo/
367,https://lnb.com.br/noticias/unifacisa-84-x-92-minas/
368,https://lnb.com.br/noticias/flamengo-103-x-83-sao-jose/
369,https://lnb.com.br/noticias/sao-paulo-95-x-106-rio-claro/
370,https://lnb.com.br/noticias/pato-basquete-76-x-79-bauru-basket/
371,https://lnb.com.br/noticias/botafogo-93-x-75-sao-jose/
372,https://lnb.com.br/noticias/minas-57-x-64-pinheiros/
373,https://lnb.com.br/noticias/universo-brasilia-85-x-73-corinthians/
374,https://lnb.com.br/noticias/pato-basquete-80-x-78-renata-rio-claro/
375,https://lnb.com.br/noticias/botafogo-69-x-79-mogi/
376,https://lnb.com.br/noticias/minas-tenis-clube-83-x-82-corinthians/
377,https://lnb.com.br/noticias/brasilia-79-x-86-pinheiros/
378,https://lnb.com.br/noticias/paulistano-74-x-86-pato-basquete/
379,https://lnb.com.br/noticias/pinheiros-92-x-98-botafogo/
380,https://lnb.com.br/noticias/sendi-bauru-basket-61-x-80-sesi-franca-basquete/
381,https://lnb.com.br/noticias/corinthians-68-x-72-flamengo/
382,https://lnb.com.br/noticias/unifacisa-65-x-55-basquete-cearense/
383,https://lnb.com.br/noticias/mogi-85-x-78-sao-jose/
384,https://lnb.com.br/noticias/sao-paulo-87-x-63-pato-basquete/
385,https://lnb.com.br/noticias/minas-90-x-60-brasilia/
386,https://lnb.com.br/noticias/brasilia-76-x-73-pato-basquete/
387,https://lnb.com.br/noticias/rio-claro-94-x-90-sao-paulo/
388,https://lnb.com.br/noticias/corinthians-103-x-92-sao-jose/
389,https://lnb.com.br/noticias/basquete-cearense-57-x-77-pinheiros/
390,https://lnb.com.br/noticias/minas-86-x-76-pato-basquete/
391,https://lnb.com.br/noticias/paulistano-73-x-72-botafogo/
392,https://lnb.com.br/noticias/unifacisa-80-x-81-pinheiros/
393,https://lnb.com.br/noticias/sao-jose-80-x-108-bauru/
394,https://lnb.com.br/noticias/sao-paulo-83-x-68-botafogo/
395,https://lnb.com.br/noticias/brasilia-87-x-92-rio-claro/
396,https://lnb.com.br/noticias/sao-jose-97-x-99-sao-paulo/
397,https://lnb.com.br/noticias/unifacisa-77-x-70-corinthians/
398,https://lnb.com.br/noticias/minas-104-x-71-rio-claro/
399,https://lnb.com.br/noticias/basquete-cearense-78-x-84-corinthians/
400,https://lnb.com.br/noticias/rio-claro-92-x-78-sao-jose/
401,https://lnb.com.br/noticias/flamengo-95-x-77-universo-brasilia/
402,https://lnb.com.br/noticias/paulistano-72-x-85-sesi-franca-basquete/
403,https://lnb.com.br/noticias/pinheiros-110-x-106-mogi/
404,https://lnb.com.br/noticias/sao-paulo-79-x-86-sesi-franca-basquete/
405,https://lnb.com.br/noticias/mogi-das-cruzes-78-x-73-basquete-cearense/
406,https://lnb.com.br/noticias/botafogo-84-x-86-minas/
407,https://lnb.com.br/noticias/flamengo-83-x-77-unifacisa/
408,https://lnb.com.br/noticias/mogi-83-x-82-franca/
409,https://lnb.com.br/noticias/bauru-104-x-76-rio-claro/
410,https://lnb.com.br/noticias/botafogo-76-x-81-unifacisa/
411,https://lnb.com.br/noticias/sao-jose-83-x-104-basquete-cearense/
412,https://lnb.com.br/noticias/sao-paulo-75-x-74-paulistano/
413,https://lnb.com.br/noticias/flamengo-91-x-95-minas/
414,https://lnb.com.br/noticias/sesi-franca-94-x-83-corinthians/
415,https://lnb.com.br/noticias/botafogo-86-x-72-basquete-cearense/
416,https://lnb.com.br/noticias/mogi-96-x-94-unifacisa/
417,https://lnb.com.br/noticias/flamengo-78-x-71-basquete-cearense/
418,https://lnb.com.br/noticias/pato-basquete-86-x-106-sao-paulo/
419,https://lnb.com.br/noticias/franca-78-x-69-pinheiros/
420,https://lnb.com.br/noticias/sao-jose-91-x-71-unifacisa/
421,https://lnb.com.br/noticias/bauru-75-x-74-corinthians/
422,https://lnb.com.br/noticias/pato-basquete-71-x-86-flamengo/
423,https://lnb.com.br/noticias/universo-brasilia-70-x-86-mogi-das-cruzes/
424,https://lnb.com.br/noticias/bauru-70-x-63-pinheiros/
425,https://lnb.com.br/noticias/botafogo-84-x-78-brasilia/
426,https://lnb.com.br/noticias/basquete-cearense-75-x-97-sesi-franca/
427,https://lnb.com.br/noticias/minas-85-x-87-sao-paulo/
428,https://lnb.com.br/noticias/mogi-das-cruzes-69-x-74-flamengo/
429,https://lnb.com.br/noticias/unifacisa-86-x-92-franca/
430,https://lnb.com.br/noticias/paulistano-70-x-86-flamengo/
431,https://lnb.com.br/noticias/minas-87-x-71-mogi/
432,https://lnb.com.br/noticias/corinthians-88-x-79-rio-claro/
433,https://lnb.com.br/noticias/pinheiros-83-x-92-sao-jose/
434,https://lnb.com.br/noticias/unifacisa-83-x-64-sendi-bauru-basket/
435,https://lnb.com.br/noticias/pato-basquete-69-x-75-botafogo/
436,https://lnb.com.br/noticias/minas-66-x-71-paulistano/
437,https://lnb.com.br/noticias/brasilia-73-x-96-sao-paulo-fc/
438,https://lnb.com.br/noticias/basquete-cearense-78-x-83-sendi-bauru-basket/
439,https://lnb.com.br/noticias/rio-claro-89-x-90-botafogo/
440,https://lnb.com.br/noticias/pinheiros-81-x-78-corinthians/
441,https://lnb.com.br/noticias/brasilia-90-x-78-paulistano/
442,https://lnb.com.br/noticias/pato-basquete-84-x-72-basquete-cearense/
443,https://lnb.com.br/noticias/minas-124-x-119-sao-jose/
444,https://lnb.com.br/noticias/pato-71-x-61-unifacisa/
445,https://lnb.com.br/noticias/renata-rio-claro-86-x-79-basquete-cearense/
446,https://lnb.com.br/noticias/paulistano-88-x-93-sendi-bauru-basket/
447,https://lnb.com.br/noticias/sao-paulo-89-x-80-corinthians/
448,https://lnb.com.br/noticias/botafogo-88-x-86-pinheiros/
449,https://lnb.com.br/noticias/renata-rio-claro-90-x-80-unifacisa/
450,https://lnb.com.br/noticias/sao-jose-81-x-87-botafogo-2/
451,https://lnb.com.br/noticias/flamengo-93-x-82-pinheiros/
452,https://lnb.com.br/noticias/sesi-franca-97-x-71-universo-brasilia/
453,https://lnb.com.br/noticias/mogi-83-x-94-paulistano/
454,https://lnb.com.br/noticias/renata-rio-claro-77-x-57-pato-basquete/
455,https://lnb.com.br/noticias/bauru-79-x-83-brasilia/
456,https://lnb.com.br/noticias/sao-jose-97-x-102-flamengo/
457,https://lnb.com.br/noticias/sesi-franca-basquete-91-x-82-minas-tenis-clube/
458,https://lnb.com.br/noticias/mogi-das-cruzes-89-x-61-botafogo/
459,https://lnb.com.br/noticias/basquete-cearense-99-x-95-paulistano-corpore/
460,https://lnb.com.br/noticias/corinthians-93-x-81-pato-basquete/
461,https://lnb.com.br/noticias/sendi-bauru-basket-84-x-94-minas-tenis-clube/
462,https://lnb.com.br/noticias/pinheiros-87-x-83-pato-basquete/
463,https://lnb.com.br/noticias/unifacisa-101-x-90-paulistano/
464,https://lnb.com.br/noticias/universo-brasilia-77-x-92-sao-jose-basketball/
465,https://lnb.com.br/noticias/sao-paulo-fc-99-x-64-sendi-bauru-basket/
466,https://lnb.com.br/noticias/corinthians-78-x-70-mogi-das-cruzes/
467,https://lnb.com.br/noticias/pinheiros-80-x-86-rio-claro/
468,https://lnb.com.br/noticias/sao-jose-97-x-89-mogi/
469,https://lnb.com.br/noticias/sesi-franca-basquete-xx-x-xx-sendi-bauru-basket/
470,https://lnb.com.br/noticias/corinthians-70-x-77-minas-tenis-clube/
471,https://lnb.com.br/noticias/pinheiros-106-x-71-universo-brasilia/
472,https://lnb.com.br/noticias/unifacisa-103-x-106-sao-paulo/
473,https://lnb.com.br/noticias/e-do-mogi-paulistano/
474,https://lnb.com.br/noticias/com-muita-emocao-brasilia-vasco-nbb/
475,https://lnb.com.br/noticias/forca-rubro-negra-flamengo-basquetecearense-nbb/
476,https://lnb.com.br/noticias/inicio-insano/
477,https://lnb.com.br/noticias/classico-dominado-flamengo-brasilia-nbb/
478,https://lnb.com.br/noticias/que-estreia-joinville-botafogo-nbb/
479,https://lnb.com.br/noticias/vitoria-apertada-pinheiros-sao-jose-nbb/
480,https://lnb.com.br/noticias/no-sufoco-corinthians-franca-nbb/
481,https://lnb.com.br/noticias/a-primeira-sao-jose-basquete-cearense/
482,https://lnb.com.br/noticias/que-jogo-amigos/
483,https://lnb.com.br/noticias/pinheiros-100-mogi-nbb/
484,https://lnb.com.br/noticias/ta-em-casa-joinville-vasco-nbb/
485,https://lnb.com.br/noticias/primeira-vitoria-corinthians-paulistano-nbb/
486,https://lnb.com.br/noticias/botou-fogo-botafogo-franca-nbb/
487,https://lnb.com.br/noticias/mogi-on-fire-basquete-cearense-nbb/
488,https://lnb.com.br/noticias/fez-chover-pinheiros-joinville/
489,https://lnb.com.br/noticias/segunda-seguida-paulistano-basquete-cearense/
490,https://lnb.com.br/noticias/belo-principio/
491,https://lnb.com.br/noticias/pra-dar-moral/
492,https://lnb.com.br/noticias/grande-virada-paulistano-minas/
493,https://lnb.com.br/noticias/primeira-vitoria-corinthians-brasilia/
494,https://lnb.com.br/noticias/primeira-do-dragao-bauru-botafogo-nbb/
495,https://lnb.com.br/noticias/mira-afiada-franca-vasco-nbb/
496,https://lnb.com.br/noticias/timao-crescendo/
497,https://lnb.com.br/noticias/grande-vitoria-mogi-brasilia/
498,https://lnb.com.br/noticias/classico-e-assim/
499,https://lnb.com.br/noticias/gringo-quente-minas-joinville-nbb/
500,https://lnb.com.br/noticias/olha-o-fogo-ai/
501,https://lnb.com.br/noticias/so-alegria-flamengo-vence-mogi/
502,https://lnb.com.br/noticias/chama-o-gringo-minas-vasco/
503,https://lnb.com.br/noticias/terceira-seguida-franca-basquete-cearense/
504,https://lnb.com.br/noticias/jogo-epico-brasilia-bauru-nbb/
505,https://lnb.com.br/noticias/terceira-e-contando-corinthians-joinville-nbb/
506,https://lnb.com.br/noticias/cheios-de-moral/
507,https://lnb.com.br/noticias/novo-lider-pinheiros-flamengo/
508,https://lnb.com.br/noticias/franca-na-lideranca-brasilia-nbb/
509,https://lnb.com.br/noticias/primeiro-triunfo/
510,https://lnb.com.br/noticias/e-do-cap-3/
511,https://lnb.com.br/noticias/e-do-mengao-classico-flamengo-corinthians/
512,https://lnb.com.br/noticias/na-cola-dos-lideres-minas-pinheiros-nbb/
513,https://lnb.com.br/noticias/triunfo-maiusculo-mogi-sao-jose/
514,https://lnb.com.br/noticias/flamengo-imponente-bauru-nbb/
515,https://lnb.com.br/noticias/grande-fase-franca-minas-nbb/
516,https://lnb.com.br/noticias/recuperado-joinville-basquete-cearense-nbb/
517,https://lnb.com.br/noticias/deu-cap-pinheiros-paulistano-nbb/
518,https://lnb.com.br/noticias/vitoria-do-dragao-bauru-minas/
519,https://lnb.com.br/noticias/franca-na-lideranca-flamengo-nbb/
520,https://lnb.com.br/noticias/mais-uma-do-glorioso-botafogo-corinthians-nbb/
521,https://lnb.com.br/noticias/sabor-especial-flamengo-vasco-classico/
522,https://lnb.com.br/noticias/ultrapassagem-bauru-sao-jose-nbb/
523,https://lnb.com.br/noticias/vitoria-magistral-pinheiros-basquete-cearense/
524,https://lnb.com.br/noticias/vitoria-alvinegra-corinthians-basquete-cearense-nbb/
525,https://lnb.com.br/noticias/pegaram-fogo-joinville-bauru/
526,https://lnb.com.br/noticias/um-passo-a-frente-mogi-minas/
527,https://lnb.com.br/noticias/vitoria-suada-sao-jose-flamengo-nbb/
528,https://lnb.com.br/noticias/que-alivio-brasilia-botafogo-nbb/
529,https://lnb.com.br/noticias/bola-neles-shamell-jpbatista-mogi-bauru/
530,https://lnb.com.br/noticias/alegria-dupla-basquete-cearense-botafogo/
531,https://lnb.com.br/noticias/respeita-o-campeao-paulistano-flamengo-nbb/
532,https://lnb.com.br/noticias/e-do-vasco-corinthians-nbb/
533,https://lnb.com.br/noticias/vitoria-maiuscula-franca-mogi/
534,https://lnb.com.br/noticias/paulistano-voando-sao-jose-nbb/
535,https://lnb.com.br/noticias/triunfo-importante-pinheiros-brasilia-nbb/
536,https://lnb.com.br/noticias/forca-de-lider-franca-sao-jose-nbb/
537,https://lnb.com.br/noticias/para-dar-moral-brasilia-joinville/
538,https://lnb.com.br/noticias/festa-completa-franca-paulistano-nbb/
539,https://lnb.com.br/noticias/grande-vitoria-minas-corinthians/
540,https://lnb.com.br/noticias/fogo-reaceso-botafogo-sao-jose-nbb/
541,https://lnb.com.br/noticias/mais-uma-do-vascao/
542,https://lnb.com.br/noticias/em-chamas-botafogo-vasco/
543,https://lnb.com.br/noticias/vitoria-imponente-minas-botafogo/
544,https://lnb.com.br/noticias/super-8-e-logo-ali-pinheiros-franca/
545,https://lnb.com.br/noticias/noite-de-cobb-basquete-cearense-brasilia/
546,https://lnb.com.br/noticias/super-8-pode-sonhar-sao-jose-corinthians/
547,https://lnb.com.br/noticias/que-retorno-bauru-paulistano/
548,https://lnb.com.br/noticias/no-g-4-mogi-joinville/
549,https://lnb.com.br/noticias/carcara-voando-basquete-cearense-vasco-nbb/
550,https://lnb.com.br/noticias/imponente-flamengo-botafogo-nbb/
551,https://lnb.com.br/noticias/na-raca-mogi-corinthians-nbb/
552,https://lnb.com.br/noticias/ainda-vivos-sao-jose-joinville-nbb/
553,https://lnb.com.br/noticias/no-caminho-certo-brasilia-minas-nbb/
554,https://lnb.com.br/noticias/pra-dar-moral-paulistano-joinville-nbb/
555,https://lnb.com.br/noticias/tudo-azul-pinheiros-vasco-nbb/
556,https://lnb.com.br/noticias/grande-fase-basquete-cearense-minas-nbb/
557,https://lnb.com.br/noticias/dever-cumprido-agora-e-torcer-sao-jose-brasilia/
558,https://lnb.com.br/noticias/pinheiros-e-vice-lider-botafogo-nbb/
559,https://lnb.com.br/noticias/mando-garantido-vasco-mogi/
560,https://lnb.com.br/noticias/triunfo-alvinegro-corinthians-bauru-nbb/
561,https://lnb.com.br/noticias/so-a-previa-flamengo-minas-nbb-super8/
562,https://lnb.com.br/noticias/que-venha-o-super-8/
563,https://lnb.com.br/noticias/super-8-e-em-casa-franca-joinville/
564,https://lnb.com.br/noticias/triunfo-alvirrubro-paulistano-corinthians-nbb/
565,https://lnb.com.br/noticias/dever-cumprido-mogi-sao-jose-nbb/
566,https://lnb.com.br/noticias/pra-dar-moral-corinthians-minas-nbb/
567,https://lnb.com.br/noticias/bom-e-velho-dragao-vasco-bauru-nbb/
568,https://lnb.com.br/noticias/mais-uma-do-cap-cearense-paulistano-nbb/
569,https://lnb.com.br/noticias/que-vitoria-nbb-mogi-joinville/
570,https://lnb.com.br/noticias/sextou-nbb-minas-pinheiros/
571,https://lnb.com.br/noticias/grande-fase-brasilia-paulistano-nbb/
572,https://lnb.com.br/noticias/o-dragao-e-fogo-bauru-botafogo/
573,https://lnb.com.br/noticias/vitoria-maiuscula-corinthians-flamengo-nbb/
574,https://lnb.com.br/noticias/no-sufoco-franca-basquete-cearense-nbb/
575,https://lnb.com.br/noticias/sai-zica-vasco-joinville-nbb/
576,https://lnb.com.br/noticias/que-vitoria-pinheiros-x-flamengo/
577,https://lnb.com.br/noticias/deu-dragao-bauru-basquete-cearense-nbb/
578,https://lnb.com.br/noticias/o-nome-dele-e-clutch/
579,https://lnb.com.br/noticias/aguia-fatal-sao-jose-minas-nbb/
580,https://lnb.com.br/noticias/quem-segura-corinthians-pinheiros-nbb/
581,https://lnb.com.br/noticias/lider-sim-franca-vasco-nbb/
582,https://lnb.com.br/noticias/7-seguidas-mogi-cearense/
583,https://lnb.com.br/noticias/recuperados-flamengo-sao-jose-nbb-18-19/
584,https://lnb.com.br/noticias/chama-o-dj-franca-botafogo-nbb/
585,https://lnb.com.br/noticias/reabilitado-minas-joinville/
586,https://lnb.com.br/noticias/quem-para-mogi-minas-nbb/
587,https://lnb.com.br/noticias/enfim-vitoria-brasilia-bauru-nbb/
588,https://lnb.com.br/noticias/em-chamas-botafogo-basquete-cearense-nbb/
589,https://lnb.com.br/noticias/nona-seguida-pinheiros-paulistano-nbb/
590,https://lnb.com.br/noticias/heroi-do-carcara-basquete-cearense-vasco/
591,https://lnb.com.br/noticias/mengo-compressor-flamengo-joinville/
592,https://lnb.com.br/noticias/no-brilho-da-dupla-flamengo-mogi-nbb/
593,https://lnb.com.br/noticias/10-x-pinheiros-botafogo-nbb/
594,https://lnb.com.br/noticias/salto-triplo-sao-jose-botafogo/
595,https://lnb.com.br/noticias/trator-alvinegro-corinthians-basquete-cearense-nbb/
596,https://lnb.com.br/noticias/com-emocao-minas-paulistano-nbb/
597,https://lnb.com.br/noticias/toque-de-experiencia-brasilia-corinthians-nbb/
598,https://lnb.com.br/noticias/cara-de-playoff-flamengo-paulistano/
599,https://lnb.com.br/noticias/firme-e-forte-classico-bauru-franca-nbb/
600,https://lnb.com.br/noticias/ninguem-para-pinheiros-sao-jose-nbb/
601,https://lnb.com.br/noticias/para-embalar-minas-vasco-nbb/
602,https://lnb.com.br/noticias/com-emocao-basquete-cearense-brasilia-nbb/
603,https://lnb.com.br/noticias/isso-e-flamengo-franca-nbb/
604,https://lnb.com.br/noticias/para-embalar-2/
605,https://lnb.com.br/noticias/vitoria-heroica-mogi-vasco/
606,https://lnb.com.br/noticias/embalados-pinheiros-joinville-nbb/
607,https://lnb.com.br/noticias/firme-entre-os-8-sao-jose/
608,https://lnb.com.br/noticias/terceira-seguida-minas-bauru-nbb/
609,https://lnb.com.br/noticias/raca-alvinegra-corinthians-joinville-nbb/
610,https://lnb.com.br/noticias/chegando-la-brasilia-sao-jose-nbb/
611,https://lnb.com.br/noticias/recuperado-paulistano-mogi-nbb/
612,https://lnb.com.br/noticias/na-cola-do-lider-franca-minas-nbb/
613,https://lnb.com.br/noticias/vitoria-suada-botafogo-joinville/
614,https://lnb.com.br/noticias/que-virada-botafogo-vasco-nbb/
615,https://lnb.com.br/noticias/solta-o-grito-aguia-sao-jose-vasco/
616,https://lnb.com.br/noticias/que-virada-cearense-joinville/
617,https://lnb.com.br/noticias/dominante-paulistano-vasco-nbb/
618,https://lnb.com.br/noticias/rumo-aos-playoffs-brasilia-joinville-nbb/
619,https://lnb.com.br/noticias/quem-para-pinheiros-nbb/
620,https://lnb.com.br/noticias/voa-gaviao/
621,https://lnb.com.br/noticias/colou-no-franca/
622,https://lnb.com.br/noticias/franca-e-lider-pinheiros-nbb/
623,https://lnb.com.br/noticias/na-hora-certa-corinthians-franca-nbb/
624,https://lnb.com.br/noticias/firme-e-forte-botafogo-minas-nbb/
625,https://lnb.com.br/noticias/com-propriedade-brasilia-vasco-nbb/
626,https://lnb.com.br/noticias/dragao-imponente-bauru-corinthians-nbb/
627,https://lnb.com.br/noticias/daqui-nao-saio-pinheiros-mogi-nbb/
628,https://lnb.com.br/noticias/em-chamas-botafogo-brasilia-nbb/
629,https://lnb.com.br/noticias/vitoria-na-superacao/
630,https://lnb.com.br/noticias/no-sufoco-joinville-sao-jose-nbb/
631,https://lnb.com.br/noticias/flamengo-embalado-nbb/
632,https://lnb.com.br/noticias/vitoria-suada-pinheiros-basquete-cearense-nbb/
633,https://lnb.com.br/noticias/voa-dragao-bauru-sao-jose-nbb/
634,https://lnb.com.br/noticias/foi-na-prorrogacao-nbb-joinville-paulistano/
635,https://lnb.com.br/noticias/briga-boa-nbb-mogi-botafogo/
636,https://lnb.com.br/noticias/sesi-franca-98-x-80-sao-jose/
637,https://lnb.com.br/noticias/flamengo-107-x-67-vasco-da-gama/
638,https://lnb.com.br/noticias/ubr-81-x-77-pin/
639,https://lnb.com.br/noticias/franca-93-x-86-paulistano/
640,https://lnb.com.br/noticias/sao-jose-61-x-72-corinthians/
641,https://lnb.com.br/noticias/paulistano-74-x-76-bauru-basket/
642,https://lnb.com.br/noticias/franca-82-x-65-mogi/
643,https://lnb.com.br/noticias/bauru-84-x-76-joinville/
644,https://lnb.com.br/noticias/corinthians-85-x-72-vasco/
645,https://lnb.com.br/noticias/botafogo-104-x-100-paulistano/
646,https://lnb.com.br/noticias/minas-95-x-85-basquete-cearense/
647,https://lnb.com.br/noticias/flamengo-97-x-54-brasilia/
648,https://lnb.com.br/noticias/sao-jose-65-x-73-paulistano/
649,https://lnb.com.br/noticias/minas-68-x-74-brasilia/
650,https://lnb.com.br/noticias/flamengo-100-x-82-basquete-cearense/
651,https://lnb.com.br/noticias/pinheiros-112-x-80-vasco/
652,https://lnb.com.br/noticias/corinthians-84-x-77-botafogo/
653,https://lnb.com.br/noticias/sesi-franca-84-x-72-joinville/
654,https://lnb.com.br/noticias/bauru-81-x-96-mogi/
655,https://lnb.com.br/noticias/brasilia-87-x-78-corinthians/
656,https://lnb.com.br/noticias/sao-jose-81-x-87-botafogo/
657,https://lnb.com.br/noticias/minas-78-x-71-bauru/
658,https://lnb.com.br/noticias/corinthians-92-x-86-brasilia/
659,https://lnb.com.br/noticias/basquete-cearense-75-x-68-paulistano/
660,https://lnb.com.br/noticias/botafogo-66-x-61-sao-jose/
661,https://lnb.com.br/noticias/bauru-66-x-59-minas/
662,https://lnb.com.br/noticias/corinthians-83-x-74-brasilia/
663,https://lnb.com.br/noticias/paulistano-74-x-84-basquete-cearense/
664,https://lnb.com.br/noticias/bauru-85-x-64-minas/
665,https://lnb.com.br/noticias/botafogo-97-x-76-pinheiros/
666,https://lnb.com.br/noticias/corinthians-73-x-92-flamengo/
667,https://lnb.com.br/noticias/basquete-cearense-69-x-77-mogi/
668,https://lnb.com.br/noticias/bauru-82-x-94-franca/
669,https://lnb.com.br/noticias/flamengo-79-x-60-corinthians/
670,https://lnb.com.br/noticias/pinheiros-67-x-58-botafogo/
671,https://lnb.com.br/noticias/mogi-96-x-71-basquete-cearense/
672,https://lnb.com.br/noticias/flamengo-91-x-65-corinthians/
673,https://lnb.com.br/noticias/pinheiros-89-x-64-botafogo/
674,https://lnb.com.br/noticias/mogi-73-x-71-basquete-cearense/
675,https://lnb.com.br/noticias/franca-83-x-77-bauru/
676,https://lnb.com.br/noticias/franca-90-x-68-bauru/
677,https://lnb.com.br/noticias/botafogo-88-x-73-pinheiros/
678,https://lnb.com.br/noticias/pinheiros-78-x-82-botafogo/
679,https://lnb.com.br/noticias/botafogo-77-x-79-flamengo/
680,https://lnb.com.br/noticias/mogi-77-x-85-franca/
681,https://lnb.com.br/noticias/franca-89-x-78-mogi/
682,https://lnb.com.br/noticias/flamengo-81-x-69-botafogo/
683,https://lnb.com.br/noticias/franca-108-x-100-botafogo/
684,https://lnb.com.br/noticias/flamengo-77-x-81-botafogo/
685,https://lnb.com.br/noticias/botafogo-75-x-90-flamengo/
686,https://lnb.com.br/noticias/flamengo-82-x-68-franca/
687,https://lnb.com.br/noticias/franca-88-x-79-flamengo/
688,https://lnb.com.br/noticias/franca-77-x-71-flamengo/
689,https://lnb.com.br/noticias/flamengo-76-x-62-franca/
690,https://lnb.com.br/noticias/franca-72-x-81-flamengo/
691,https://lnb.com.br/noticias/deubauru/
692,https://lnb.com.br/noticias/campo-valente/
693,https://lnb.com.br/noticias/hoje-nao/
694,https://lnb.com.br/noticias/cavalaria-acionada/
695,https://lnb.com.br/noticias/no-sufoco-7/
696,https://lnb.com.br/noticias/empolgou/
697,https://lnb.com.br/noticias/inicio-quente/
698,https://lnb.com.br/noticias/nova-historia-4/
699,https://lnb.com.br/noticias/teve-emocao/
700,https://lnb.com.br/noticias/saborespecial/
701,https://lnb.com.br/noticias/inicio-positivo/
702,https://lnb.com.br/noticias/sai-da-frente-6/
703,https://lnb.com.br/noticias/incrivel-joinville/
704,https://lnb.com.br/noticias/dia-dos-caues/
705,https://lnb.com.br/noticias/e-do-cap-2/
706,https://lnb.com.br/noticias/sai-zica-6/
707,https://lnb.com.br/noticias/no-controle-7/
708,https://lnb.com.br/noticias/solta-o-grito_/
709,https://lnb.com.br/noticias/cuspiu-fogo/
710,https://lnb.com.br/noticias/pura-superacao/
711,https://lnb.com.br/noticias/fogo-aceso-2/
712,https://lnb.com.br/noticias/poe-na-conta-5/
713,https://lnb.com.br/noticias/100-pinheiros/
714,https://lnb.com.br/noticias/vai-contando-2/
715,https://lnb.com.br/noticias/forca-do-grupo-5/
716,https://lnb.com.br/noticias/minas-e-g-4/
717,https://lnb.com.br/noticias/decisivoepouco/
718,https://lnb.com.br/noticias/a-primeira-9/
719,https://lnb.com.br/noticias/para-a-nacao/
720,https://lnb.com.br/noticias/deu-campo/
721,https://lnb.com.br/noticias/sai-fora/
722,https://lnb.com.br/noticias/viradaheroica/
723,https://lnb.com.br/noticias/fez-a-quina/
724,https://lnb.com.br/noticias/terceiraseguida/
725,https://lnb.com.br/noticias/a-vontade-3/
726,https://lnb.com.br/noticias/reacendeu-2/
727,https://lnb.com.br/noticias/anota-a-placa/
728,https://lnb.com.br/noticias/aquela-vitoria/
729,https://lnb.com.br/noticias/sai-da-frente-7/
730,https://lnb.com.br/noticias/que-sufoco-6/
731,https://lnb.com.br/noticias/aqui-nao_-2/
732,https://lnb.com.br/noticias/v-de-vitoria_/
733,https://lnb.com.br/noticias/altonivel/
734,https://lnb.com.br/noticias/rumo-certo-2/
735,https://lnb.com.br/noticias/6-e-contando/
736,https://lnb.com.br/noticias/ware-time/
737,https://lnb.com.br/noticias/segurou-e-levou-2/
738,https://lnb.com.br/noticias/ta-subindo/
739,https://lnb.com.br/noticias/de-volta-aos-trilhos_/
740,https://lnb.com.br/noticias/deixa-com-ele/
741,https://lnb.com.br/noticias/okories-day/
742,https://lnb.com.br/noticias/desbancou-o-invicto/
743,https://lnb.com.br/noticias/vitoria-importante-4/
744,https://lnb.com.br/noticias/sai-fora_/
745,https://lnb.com.br/noticias/dupladecisiva/
746,https://lnb.com.br/noticias/sim-ele-chuta/
747,https://lnb.com.br/noticias/emocao-de-sobra-8/
748,https://lnb.com.br/noticias/poder-decisao/
749,https://lnb.com.br/noticias/o-topo-e-meu_/
750,https://lnb.com.br/noticias/forca-do-sul/
751,https://lnb.com.br/noticias/chama-os-gringos/
752,https://lnb.com.br/noticias/foi-gigante/
753,https://lnb.com.br/noticias/no-momento/
754,https://lnb.com.br/noticias/pra-ganhar-moral-6/
755,https://lnb.com.br/noticias/avassalador_-2/
756,https://lnb.com.br/noticias/na-base-da-superacao/
757,https://lnb.com.br/noticias/monstro-e-pouco/
758,https://lnb.com.br/noticias/como-um-leao-2/
759,https://lnb.com.br/noticias/dupla-emocao-2/
760,https://lnb.com.br/noticias/verdadeira-batalha-3/
761,https://lnb.com.br/noticias/nota-100/
762,https://lnb.com.br/noticias/deu-show/
763,https://lnb.com.br/noticias/festa-baiana-2/
764,https://lnb.com.br/noticias/donodojogo/
765,https://lnb.com.br/noticias/melhor-impossivel-6/
766,https://lnb.com.br/noticias/edoflamengo/
767,https://lnb.com.br/noticias/que-comece-2018/
768,https://lnb.com.br/noticias/chamou-o-jogo/
769,https://lnb.com.br/noticias/de-volta-aos-trilhos__/
770,https://lnb.com.br/noticias/festa-completa-5/
771,https://lnb.com.br/noticias/vitoria-de-lider/
772,https://lnb.com.br/noticias/novovicelider/
773,https://lnb.com.br/noticias/agora-sao-7/
774,https://lnb.com.br/noticias/virada-cruzmaltina/
775,https://lnb.com.br/noticias/festa-em-casa/
776,https://lnb.com.br/noticias/soalegria/
777,https://lnb.com.br/noticias/mengao-e-lider/
778,https://lnb.com.br/noticias/minas-storm/
779,https://lnb.com.br/noticias/hoje-nao_/
780,https://lnb.com.br/noticias/sai-da-frente-8/
781,https://lnb.com.br/noticias/que-virada-6/
782,https://lnb.com.br/noticias/o-cara-3/
783,https://lnb.com.br/noticias/casaforte/
784,https://lnb.com.br/noticias/dificilsegurar/
785,https://lnb.com.br/noticias/imparavel-4/
786,https://lnb.com.br/noticias/belo-presente/
787,https://lnb.com.br/noticias/hora-de-rugir/
788,https://lnb.com.br/noticias/oitava-e-contando/
789,https://lnb.com.br/noticias/botecerteiro/
790,https://lnb.com.br/noticias/parapoucos/
791,https://lnb.com.br/noticias/deu-joinville/
792,https://lnb.com.br/noticias/vitoria-do-mestre/
793,https://lnb.com.br/noticias/final-feliz-2/
794,https://lnb.com.br/noticias/quanta-emocao-7/
795,https://lnb.com.br/noticias/positivo-leao/
796,https://lnb.com.br/noticias/noitemagica/
797,https://lnb.com.br/noticias/com-emocao-3/
798,https://lnb.com.br/noticias/garoto-endiabrado/
799,https://lnb.com.br/noticias/desde-o-inicio-3/
800,https://lnb.com.br/noticias/ninguem-tira-5/
801,https://lnb.com.br/noticias/dever-de-casa-3/
802,https://lnb.com.br/noticias/pegou-fogo-5/
803,https://lnb.com.br/noticias/ritmo-da-colina/
804,https://lnb.com.br/noticias/cearensetrincou/
805,https://lnb.com.br/noticias/sem-sustos_-3/
806,https://lnb.com.br/noticias/forca-dogrupo/
807,https://lnb.com.br/noticias/flabsoluto/
808,https://lnb.com.br/noticias/campo-vivo/
809,https://lnb.com.br/noticias/alegria-completa/
810,https://lnb.com.br/noticias/fezmagica/
811,https://lnb.com.br/noticias/avalanche-bauruense/
812,https://lnb.com.br/noticias/e-minha-3/
813,https://lnb.com.br/noticias/e-contando/
814,https://lnb.com.br/noticias/de-volta-aos-trilhos-12/
815,https://lnb.com.br/noticias/ele-ferveu/
816,https://lnb.com.br/noticias/noite-de-festa-2/
817,https://lnb.com.br/noticias/feito-expressivo/
818,https://lnb.com.br/noticias/so-vitorias/
819,https://lnb.com.br/noticias/novolider/
820,https://lnb.com.br/noticias/saiqueeminha/
821,https://lnb.com.br/noticias/fogo-aceso-3/
822,https://lnb.com.br/noticias/menino-de-ouro/
823,https://lnb.com.br/noticias/ditou-o-ritmo/
824,https://lnb.com.br/noticias/superacao-baiana/
825,https://lnb.com.br/noticias/nova-gloria/
826,https://lnb.com.br/noticias/adeus-jejum-2/
827,https://lnb.com.br/noticias/vitoria-de-lider-2/
828,https://lnb.com.br/noticias/bote-certeiro-4/
829,https://lnb.com.br/noticias/e-minha_/
830,https://lnb.com.br/noticias/trinca-especial/
831,https://lnb.com.br/noticias/pra-ganhar-moral_/
832,https://lnb.com.br/noticias/onfire/
833,https://lnb.com.br/noticias/cade-o-freio/
834,https://lnb.com.br/noticias/emocao-e-folia/
835,https://lnb.com.br/noticias/desde-o-inicio-4/
836,https://lnb.com.br/noticias/passo-importante-5/
837,https://lnb.com.br/noticias/por-cima-3/
838,https://lnb.com.br/noticias/aqui-nao_-3/
839,https://lnb.com.br/noticias/com-autoridade-6/
840,https://lnb.com.br/noticias/show-do-mengao/
841,https://lnb.com.br/noticias/teverecorde/
842,https://lnb.com.br/noticias/vocefalouemocao/
843,https://lnb.com.br/noticias/festa-cruzmaltina/
844,https://lnb.com.br/noticias/cartada-final/
845,https://lnb.com.br/noticias/mr-rebote/
846,https://lnb.com.br/noticias/quem-para-o-cap/
847,https://lnb.com.br/noticias/sem-vacilar/
848,https://lnb.com.br/noticias/dever-de-casa-4/
849,https://lnb.com.br/noticias/sufoco-total/
850,https://lnb.com.br/noticias/tudo-azul_/
851,https://lnb.com.br/noticias/vivos/
852,https://lnb.com.br/noticias/capitao-clutch/
853,https://lnb.com.br/noticias/deu-leao/
854,https://lnb.com.br/noticias/para-vibrar/
855,https://lnb.com.br/noticias/adeus-lanterna/
856,https://lnb.com.br/noticias/e-do-leao/
857,https://lnb.com.br/noticias/dominante-9/
858,https://lnb.com.br/noticias/caraca-moleque/
859,https://lnb.com.br/noticias/embalo-cruzmaltino-2/
860,https://lnb.com.br/noticias/foi-emocionante/
861,https://lnb.com.br/noticias/demonstracao-de-forca_/
862,https://lnb.com.br/noticias/emocao-nao-faltou/
863,https://lnb.com.br/noticias/no-sufoco-8/
864,https://lnb.com.br/noticias/cap-e-show/
865,https://lnb.com.br/noticias/bolanele/
866,https://lnb.com.br/noticias/cadavezmaisperto/
867,https://lnb.com.br/noticias/rugiu-alto-2/
868,https://lnb.com.br/noticias/dura-vitoria/
869,https://lnb.com.br/noticias/e-do-fogao/
870,https://lnb.com.br/noticias/engatou-a-4a-3/
871,https://lnb.com.br/noticias/trio-decisivo/
872,https://lnb.com.br/noticias/com-autoridade-7/
873,https://lnb.com.br/noticias/botoufogo/
874,https://lnb.com.br/noticias/sobrou-emocao/
875,https://lnb.com.br/noticias/destruidor-de-novo/
876,https://lnb.com.br/noticias/clima-de-playoffs/
877,https://lnb.com.br/noticias/esquentouabriga/
878,https://lnb.com.br/noticias/como-um-carcara/
879,https://lnb.com.br/noticias/o-classico-e-do-mengao/
880,https://lnb.com.br/noticias/dominante-10/
881,https://lnb.com.br/noticias/franca-e-g-4/
882,https://lnb.com.br/noticias/volta-por-cima-6/
883,https://lnb.com.br/noticias/quartas-ai-vou-eu-2/
884,https://lnb.com.br/noticias/noite-iluminada/
885,https://lnb.com.br/noticias/129106/
886,https://lnb.com.br/noticias/ta-na-briga/
887,https://lnb.com.br/noticias/faltapouco-2/
888,https://lnb.com.br/noticias/entre-os-8/
889,https://lnb.com.br/noticias/com-recordes/
890,https://lnb.com.br/noticias/rumo-certo-3/
891,https://lnb.com.br/noticias/mengaoelider/
892,https://lnb.com.br/noticias/grande-passo-4/
893,https://lnb.com.br/noticias/quefacanha/
894,https://lnb.com.br/noticias/com-muita-emocao-2/
895,https://lnb.com.br/noticias/ganhou-moral/
896,https://lnb.com.br/noticias/agora-e-torcer-2/
897,https://lnb.com.br/noticias/fechou-bonito/
898,https://lnb.com.br/noticias/missao-cumprida-2/
899,https://lnb.com.br/noticias/encerramento/
900,https://lnb.com.br/noticias/bem-vindo-aos-playoffs/
901,https://lnb.com.br/noticias/minas-storm_/
902,https://lnb.com.br/noticias/vitoria-braba/
903,https://lnb.com.br/noticias/tomaram-conta/
904,https://lnb.com.br/noticias/licao-de-casa-4/
905,https://lnb.com.br/noticias/tudo-igual-13/
906,https://lnb.com.br/noticias/classificacao-inedita/
907,https://lnb.com.br/noticias/chamouojogo/
908,https://lnb.com.br/noticias/tudo-igual_/
909,https://lnb.com.br/noticias/hora-de-rugir-2/
910,https://lnb.com.br/noticias/superacao-do-dragao/
911,https://lnb.com.br/noticias/virou-com-estilo/
912,https://lnb.com.br/noticias/e-jogo5/
913,https://lnb.com.br/noticias/podeacreditar/
914,https://lnb.com.br/noticias/solta-o-grito-carcara/
915,https://lnb.com.br/noticias/batalha-epica-2/
916,https://lnb.com.br/noticias/sanguefrio-2/
917,https://lnb.com.br/noticias/1-a-0-fla/
918,https://lnb.com.br/noticias/nunca-duvide-do-dragao/
919,https://lnb.com.br/noticias/carcara-guerreiro/
920,https://lnb.com.br/noticias/avalanche-rubro-negra/
921,https://lnb.com.br/noticias/comautoridade/
922,https://lnb.com.br/noticias/flamengo-na-semi/
923,https://lnb.com.br/noticias/que-isso-dragao/
924,https://lnb.com.br/noticias/tudoigual_/
925,https://lnb.com.br/noticias/caxias-vivo/
926,https://lnb.com.br/noticias/3-x-0-bauru/
927,https://lnb.com.br/noticias/cap-na-frente/
928,https://lnb.com.br/noticias/mogi-na-semi/
929,https://lnb.com.br/noticias/pode-vir-semi/
930,https://lnb.com.br/noticias/gigante-mogi/
931,https://lnb.com.br/noticias/disputa-intensa/
932,https://lnb.com.br/noticias/jogo-perfeito/
933,https://lnb.com.br/noticias/dragao-vivo/
934,https://lnb.com.br/noticias/flamengo-vivo/
935,https://lnb.com.br/noticias/que-isso-paulistano/
936,https://lnb.com.br/noticias/131597/
937,https://lnb.com.br/noticias/mogi-na-final/
938,https://lnb.com.br/noticias/e-final-paulistano/
939,https://lnb.com.br/noticias/grande-inicio/
940,https://lnb.com.br/noticias/tudo-igual-15/
941,https://lnb.com.br/noticias/2-x-1-cap/
942,https://lnb.com.br/noticias/paulistano-campeao/
943,https://lnb.com.br/noticias/batalha-epica/
944,https://lnb.com.br/noticias/soberano_/
945,https://lnb.com.br/noticias/triunfo-suado-2/
946,https://lnb.com.br/noticias/a-primeira-7/
947,https://lnb.com.br/noticias/poe-na-conta-3/
948,https://lnb.com.br/noticias/com-a-mao-direita-4/
949,https://lnb.com.br/noticias/no-controle-5/
950,https://lnb.com.br/noticias/cabeca-nolugar/
951,https://lnb.com.br/noticias/sodeubrasilia/
952,https://lnb.com.br/noticias/que-estreia-2/
953,https://lnb.com.br/noticias/do-inicio-ao-fim-3/
954,https://lnb.com.br/noticias/grandevitoria-2/
955,https://lnb.com.br/noticias/altatensao/
956,https://lnb.com.br/noticias/sobrou-3/
957,https://lnb.com.br/noticias/na-mesma-moeda/
958,https://lnb.com.br/noticias/embalado_/
959,https://lnb.com.br/noticias/melhorimpossivel-2/
960,https://lnb.com.br/noticias/100_/
961,https://lnb.com.br/noticias/de-volta-aos-trilhos-10/
962,https://lnb.com.br/noticias/alegria-rubro-negra/
963,https://lnb.com.br/noticias/time_de_guerreiros/
964,https://lnb.com.br/noticias/naultimabola/
965,https://lnb.com.br/noticias/moral-de-volta/
966,https://lnb.com.br/noticias/semessa/
967,https://lnb.com.br/noticias/bote-certeiro/
968,https://lnb.com.br/noticias/chuva-na-colina/
969,https://lnb.com.br/noticias/virada-de-leao/
970,https://lnb.com.br/noticias/potencia-pinheirense/
971,https://lnb.com.br/noticias/mais-uma-para-conta/
972,https://lnb.com.br/noticias/voando-baixo-5/
973,https://lnb.com.br/noticias/deu-minas/
974,https://lnb.com.br/noticias/encaixou-2/
975,https://lnb.com.br/noticias/dupla-fantastica/
976,https://lnb.com.br/noticias/double-trouble/
977,https://lnb.com.br/noticias/que-virada-2/
978,https://lnb.com.br/noticias/go-campo/
979,https://lnb.com.br/noticias/magistral-georginho/
980,https://lnb.com.br/noticias/atuacao-de-gala-3/
981,https://lnb.com.br/noticias/dominante-mesmo/
982,https://lnb.com.br/noticias/sem-vacilo/
983,https://lnb.com.br/noticias/aqui-nao_/
984,https://lnb.com.br/noticias/em-ascensao/
985,https://lnb.com.br/noticias/imparavel-3/
986,https://lnb.com.br/noticias/forca-do-dragao/
987,https://lnb.com.br/noticias/voltou-a-sorrir-2/
988,https://lnb.com.br/noticias/de-volta-aos-trilhos-11/
989,https://lnb.com.br/noticias/voltando-a-voar/
990,https://lnb.com.br/noticias/6em6/
991,https://lnb.com.br/noticias/bola-da-vitoria/
992,https://lnb.com.br/noticias/sinal-verde-2/
993,https://lnb.com.br/noticias/ultrapassagem-3/
994,https://lnb.com.br/partidas/nbb-20162017-flamengo-x-macae-basquete-10122016-1800/
995,https://lnb.com.br/partidas/nbb-20162017-mogi-x-basq-cearense-10122016-1900/
996,https://lnb.com.br/partidas/nbb-20162017-pinheiros-x-l-sorocabana-12122016-1930/
997,https://lnb.com.br/partidas/nbb-20162017-minas-x-campo-mourao-13122016-1000/
998,https://lnb.com.br/partidas/nbb-20162017-brasilia-x-mogi-13122016-1930/
999,https://lnb.com.br/partidas/nbb-20162017-pinheiros-x-paulistano-14122016-1930/
1000,https://lnb.com.br/partidas/nbb-20162017-caxias-do-sul-x-flamengo-14122016-2005/
1001,https://lnb.com.br/partidas/nbb-20162017-minas-x-mogi-15122016-1900/
1002,https://lnb.com.br/partidas/nbb-20162017-brasilia-x-campo-mourao-15122016-2000/
1003,https://lnb.com.br/partidas/nbb-20162017-basq-cearense-x-sesi-franca-15122016-2030/
1004,https://lnb.com.br/partidas/nbb-20162017-vitoria-x-bauru-15122016-2100/
1005,https://lnb.com.br/partidas/nbb-20162017-caxias-do-sul-x-macae-basquete-16122016-2005/
1006,https://lnb.com.br/partidas/nbb-20162017-basq-cearense-x-bauru-17122016-1900/
1007,https://lnb.com.br/partidas/nbb-20162017-vitoria-x-sesi-franca-17122016-2100/
1008,https://lnb.com.br/partidas/nbb-20162017-pinheiros-x-campo-mourao-19122016-1930/
1009,https://lnb.com.br/partidas/nbb-20162017-macae-basquete-x-vitoria-20122016-1930/
1010,https://lnb.com.br/partidas/nbb-20162017-flamengo-x-basq-cearense-20122016-1930/
1011,https://lnb.com.br/partidas/nbb-20162017-bauru-x-minas-20122016-2000/
1012,https://lnb.com.br/partidas/nbb-20162017-sesi-franca-x-brasilia-20122016-2010/
1013,https://lnb.com.br/partidas/nbb-20162017-l-sorocabana-x-vasco-da-gama-20122016-2130/
1014,https://lnb.com.br/partidas/nbb-20162017-pinheiros-x-mogi-21122016-1600/
1015,https://lnb.com.br/partidas/nbb-20162017-macae-basquete-x-basq-cearense-22122016-1930/
1016,https://lnb.com.br/partidas/nbb-20162017-l-sorocabana-x-caxias-do-sul-22122016-2000/
1017,https://lnb.com.br/partidas/nbb-20162017-bauru-x-brasilia-22122016-2000/
1018,https://lnb.com.br/partidas/nbb-20162017-sesi-franca-x-minas-22122016-2010/
1019,https://lnb.com.br/partidas/nbb-20162017-flamengo-x-vitoria-22122016-2010/
1020,https://lnb.com.br/partidas/nbb-20162017-flamengo-x-caxias-do-sul-27122016-1930/
1021,https://lnb.com.br/partidas/nbb-20162017-paulistano-x-vasco-da-gama-03012017-1930/
1022,https://lnb.com.br/partidas/nbb-20162017-campo-mourao-x-mogi-06012017-2015/
1023,https://lnb.com.br/partidas/nbb-20162017-bauru-x-sesi-franca-07012017-1400/
1024,https://lnb.com.br/partidas/nbb-20162017-caxias-do-sul-x-vasco-da-gama-07012017-1700/
1025,https://lnb.com.br/partidas/nbb-20162017-l-sorocabana-x-paulistano-07012017-1800/
1026,https://lnb.com.br/partidas/nbb-20162017-brasilia-x-minas-07012017-1800/
1027,https://lnb.com.br/partidas/nbb-20162017-basq-cearense-x-vitoria-07012017-1900/
1028,https://lnb.com.br/partidas/nbb-20162017-minas-x-macae-basquete-10012017-1900/
1029,https://lnb.com.br/partidas/nbb-20162017-mogi-x-bauru-10012017-1930/
1030,https://lnb.com.br/partidas/nbb-20162017-campo-mourao-x-sesi-franca-10012017-2015/
1031,https://lnb.com.br/partidas/nbb-20162017-caxias-do-sul-x-pinheiros-11012017-2005/
1032,https://lnb.com.br/partidas/nbb-20162017-basq-cearense-x-paulistano-11012017-2030/
1033,https://lnb.com.br/partidas/nbb-20162017-vitoria-x-l-sorocabana-11012017-2100/
1034,https://lnb.com.br/partidas/nbb-20162017-minas-x-flamengo-12012017-1900/
1035,https://lnb.com.br/partidas/nbb-20162017-mogi-x-sesi-franca-12012017-2000/
1036,https://lnb.com.br/partidas/nbb-20162017-brasilia-x-macae-basquete-12012017-2000/
1037,https://lnb.com.br/partidas/nbb-20162017-campo-mourao-x-bauru-12012017-2015/
1038,https://lnb.com.br/partidas/nbb-20162017-vasco-da-gama-x-pinheiros-13012017-2015/
1039,https://lnb.com.br/partidas/nbb-20162017-basq-cearense-x-l-sorocabana-13012017-2030/
1040,https://lnb.com.br/partidas/nbb-20162017-vitoria-x-paulistano-13012017-2100/
1041,https://lnb.com.br/partidas/nbb-20162017-brasilia-x-flamengo-14012017-1400/
1042,https://lnb.com.br/partidas/nbb-20162017-macae-basquete-x-vasco-da-gama-16012017-1930/
1043,https://lnb.com.br/partidas/nbb-20162017-mogi-x-flamengo-17012017-1930/
1044,https://lnb.com.br/partidas/nbb-20162017-mogi-x-macae-basquete-19012017-2000/
1045,https://lnb.com.br/partidas/nbb-20162017-vasco-da-gama-x-brasilia-19012017-2015/
1046,https://lnb.com.br/partidas/nbb-20162017-flamengo-x-sesi-franca-21012017-1400/
1047,https://lnb.com.br/partidas/nbb-20162017-mogi-x-vitoria-22012017-1900/
1048,https://lnb.com.br/partidas/nbb-20162017-macae-basquete-x-sesi-franca-23012017-1930/
1049,https://lnb.com.br/partidas/nbb-20162017-flamengo-x-bauru-24012017-1930/
1050,https://lnb.com.br/partidas/nbb-20162017-paulistano-x-campo-mourao-25012017-1930/
1051,https://lnb.com.br/partidas/nbb-20162017-l-sorocabana-x-mogi-25012017-2000/
1052,https://lnb.com.br/partidas/nbb-20162017-basq-cearense-x-pinheiros-25012017-2030/
1053,https://lnb.com.br/partidas/nbb-20162017-macae-basquete-x-bauru-26012017-1930/
1054,https://lnb.com.br/partidas/nbb-20162017-caxias-do-sul-x-brasilia-26012017-2005/
1055,https://lnb.com.br/partidas/nbb-20162017-vasco-da-gama-x-minas-26012017-2015/
1056,https://lnb.com.br/partidas/nbb-20162017-paulistano-x-mogi-27012017-1930/
1057,https://lnb.com.br/partidas/nbb-20162017-l-sorocabana-x-campo-mourao-27012017-2000/
1058,https://lnb.com.br/partidas/nbb-20162017-vitoria-x-pinheiros-27012017-2100/
1059,https://lnb.com.br/partidas/nbb-20162017-vasco-da-gama-x-flamengo-28012017-1400/
1060,https://lnb.com.br/partidas/nbb-20162017-caxias-do-sul-x-minas-28012017-1700/
1061,https://lnb.com.br/partidas/nbb-20162017-pinheiros-x-macae-basquete-31012017-1930/
1062,https://lnb.com.br/partidas/nbb-20162017-bauru-x-paulistano-31012017-2000/
1063,https://lnb.com.br/partidas/nbb-20162017-sesi-franca-x-l-sorocabana-31012017-2010/
1064,https://lnb.com.br/partidas/nbb-20162017-minas-x-basq-cearense-01022017-1900/
1065,https://lnb.com.br/partidas/nbb-20162017-brasilia-x-vitoria-01022017-2000/
1066,https://lnb.com.br/partidas/nbb-20162017-pinheiros-x-flamengo-02022017-1930/
1067,https://lnb.com.br/partidas/nbb-20162017-mogi-x-caxias-do-sul-02022017-2000/
1068,https://lnb.com.br/partidas/nbb-20162017-bauru-x-l-sorocabana-02022017-2000/
1069,https://lnb.com.br/partidas/nbb-20162017-sesi-franca-x-paulistano-02022017-2010/
1070,https://lnb.com.br/partidas/nbb-20162017-minas-x-vitoria-03022017-1900/
1071,https://lnb.com.br/partidas/nbb-20162017-brasilia-x-basq-cearense-03022017-2000/
1072,https://lnb.com.br/partidas/nbb-20162017-mogi-x-vasco-da-gama-04022017-1400/
1073,https://lnb.com.br/partidas/nbb-20162017-campo-mourao-x-caxias-do-sul-04022017-1600/
1074,https://lnb.com.br/partidas/nbb-20162017-vasco-da-gama-x-macae-basquete-07022017-2015/
1075,https://lnb.com.br/partidas/nbb-20162017-campo-mourao-x-vasco-da-gama-11022017-1400/
1076,https://lnb.com.br/partidas/nbb-20162017-minas-x-l-sorocabana-14022017-1900/
1077,https://lnb.com.br/partidas/nbb-20162017-flamengo-x-mogi-14022017-1930/
1078,https://lnb.com.br/partidas/nbb-20162017-macae-basquete-x-campo-mourao-14022017-1930/
1079,https://lnb.com.br/partidas/nbb-20162017-bauru-x-pinheiros-14022017-2000/
1080,https://lnb.com.br/partidas/nbb-20162017-brasilia-x-paulistano-14022017-2000/
1081,https://lnb.com.br/partidas/nbb-20162017-minas-x-paulistano-16022017-1900/
1082,https://lnb.com.br/partidas/nbb-20162017-macae-basquete-x-mogi-16022017-1930/
1083,https://lnb.com.br/partidas/nbb-20162017-flamengo-x-campo-mourao-16022017-2000/
1084,https://lnb.com.br/partidas/nbb-20162017-brasilia-x-l-sorocabana-16022017-2000/
1085,https://lnb.com.br/partidas/nbb-20162017-sesi-franca-x-pinheiros-16022017-2010/
1086,https://lnb.com.br/partidas/nbb-20162017-basq-cearense-x-caxias-do-sul-16022017-2030/
1087,https://lnb.com.br/partidas/nbb-20162017-vitoria-x-vasco-da-gama-16022017-2100/
1088,https://lnb.com.br/partidas/nbb-20162017-basq-cearense-x-vasco-da-gama-18022017-1400/
1089,https://lnb.com.br/partidas/nbb-20162017-vitoria-x-caxias-do-sul-18022017-2100/
1090,https://lnb.com.br/partidas/nbb-20162017-vasco-da-gama-x-bauru-21022017-1930/
1091,https://lnb.com.br/partidas/nbb-20162017-paulistano-x-macae-basquete-21022017-1930/
1092,https://lnb.com.br/partidas/nbb-20162017-l-sorocabana-x-flamengo-21022017-2000/
1093,https://lnb.com.br/partidas/nbb-20162017-caxias-do-sul-x-sesi-franca-21022017-2005/
1094,https://lnb.com.br/partidas/nbb-20162017-pinheiros-x-brasilia-22022017-1930/
1095,https://lnb.com.br/partidas/nbb-20162017-basq-cearense-x-mogi-22022017-1930/
1096,https://lnb.com.br/partidas/nbb-20162017-vitoria-x-campo-mourao-22022017-2000/
1097,https://lnb.com.br/partidas/nbb-20162017-paulistano-x-flamengo-23022017-1930/
1098,https://lnb.com.br/partidas/nbb-20162017-l-sorocabana-x-macae-basquete-23022017-2000/
1099,https://lnb.com.br/partidas/nbb-20162017-caxias-do-sul-x-bauru-23022017-2005/
1100,https://lnb.com.br/partidas/nbb-20162017-vasco-da-gama-x-sesi-franca-23022017-2015/
1101,https://lnb.com.br/partidas/nbb-20162017-basq-cearense-x-campo-mourao-24022017-1930/
1102,https://lnb.com.br/partidas/nbb-20162017-pinheiros-x-minas-24022017-1930/
1103,https://lnb.com.br/partidas/nbb-20162017-vitoria-x-mogi-25022017-1400/
1104,https://lnb.com.br/partidas/nbb-20162017-sesi-franca-x-bauru-04032017-1400/
1105,https://lnb.com.br/partidas/nbb-20162017-mogi-x-brasilia-07032017-1930/
1106,https://lnb.com.br/partidas/nbb-20162017-bauru-x-vitoria-07032017-2000/
1107,https://lnb.com.br/partidas/nbb-20162017-sesi-franca-x-basq-cearense-07032017-2010/
1108,https://lnb.com.br/partidas/nbb-20162017-campo-mourao-x-minas-07032017-2015/
1109,https://lnb.com.br/partidas/nbb-20162017-l-sorocabana-x-pinheiros-08032017-2000/
1110,https://lnb.com.br/partidas/nbb-20162017-bauru-x-basq-cearense-09032017-2000/
1111,https://lnb.com.br/partidas/nbb-20162017-mogi-x-minas-09032017-2000/
1112,https://lnb.com.br/partidas/nbb-20162017-sesi-franca-x-vitoria-09032017-2010/
1113,https://lnb.com.br/partidas/nbb-20162017-campo-mourao-x-brasilia-09032017-2015/
1114,https://lnb.com.br/partidas/nbb-20162017-paulistano-x-pinheiros-10032017-1930/
1115,https://lnb.com.br/partidas/nbb-20162017-flamengo-x-vasco-da-gama-11032017-1400/
1116,https://lnb.com.br/partidas/nbb-20162017-macae-basquete-x-caxias-do-sul-11032017-1800/
1117,https://lnb.com.br/noticias/lobo-feroz/
1118,https://lnb.com.br/partidas/nbb-20162017-paulistano-x-l-sorocabana-13032017-1930/
1119,https://lnb.com.br/partidas/nbb-20162017-mogi-x-campo-mourao-13032017-2000/
1120,https://lnb.com.br/partidas/nbb-20162017-macae-basquete-x-flamengo-14032017-1930/
1121,https://lnb.com.br/partidas/nbb-20162017-vitoria-x-basq-cearense-14032017-1930/
1122,https://lnb.com.br/partidas/nbb-20162017-vasco-da-gama-x-caxias-do-sul-14032017-2015/
1123,https://lnb.com.br/partidas/nbb-20162017-vasco-da-gama-x-l-sorocabana-22032017-1100/
1124,https://lnb.com.br/partidas/nbb-20162017-basq-cearense-x-flamengo-22032017-1930/
1125,https://lnb.com.br/partidas/nbb-20162017-vitoria-x-macae-basquete-22032017-2000/
1126,https://lnb.com.br/partidas/nbb-20162017-caxias-do-sul-x-paulistano-22032017-2005/
1127,https://lnb.com.br/partidas/nbb-20162017-campo-mourao-x-pinheiros-22032017-2015/
1128,https://lnb.com.br/partidas/nbb-20162017-minas-x-bauru-23032017-1900/
1129,https://lnb.com.br/partidas/nbb-20162017-brasilia-x-sesi-franca-23032017-2000/
1130,https://lnb.com.br/partidas/nbb-20162017-basq-cearense-x-macae-basquete-24032017-1930/
1131,https://lnb.com.br/partidas/nbb-20162017-vitoria-x-flamengo-24032017-2000/
1132,https://lnb.com.br/partidas/nbb-20162017-mogi-x-pinheiros-24032017-2000/
1133,https://lnb.com.br/partidas/nbb-20162017-caxias-do-sul-x-l-sorocabana-24032017-2005/
1134,https://lnb.com.br/partidas/nbb-20162017-vasco-da-gama-x-paulistano-24032017-2015/
1135,https://lnb.com.br/partidas/nbb-20162017-brasilia-x-bauru-25032017-1400/
1136,https://lnb.com.br/partidas/nbb-20162017-minas-x-sesi-franca-25032017-1700/
1137,https://lnb.com.br/partidas/nbb-20162017-macae-basquete-x-brasilia-29032017-1930/
1138,https://lnb.com.br/partidas/nbb-20162017-flamengo-x-minas-29032017-2000/
1139,https://lnb.com.br/partidas/nbb-20162017-pinheiros-x-caxias-do-sul-30032017-1930/
1140,https://lnb.com.br/partidas/nbb-20162017-paulistano-x-basq-cearense-30032017-1930/
1141,https://lnb.com.br/partidas/nbb-20162017-bauru-x-mogi-30032017-1930/
1142,https://lnb.com.br/partidas/nbb-20162017-l-sorocabana-x-vitoria-30032017-2000/
1143,https://lnb.com.br/partidas/nbb-20162017-sesi-franca-x-campo-mourao-30032017-2010/
1144,https://lnb.com.br/partidas/nbb-20162017-l-sorocabana-x-basq-cearense-01042017-1400/
1145,https://lnb.com.br/partidas/nbb-20162017-paulistano-x-vitoria-01042017-1400/
1146,https://lnb.com.br/partidas/nbb-20162017-pinheiros-x-vasco-da-gama-01042017-1400/
1147,https://lnb.com.br/partidas/nbb-20162017-bauru-x-campo-mourao-01042017-1400/
1148,https://lnb.com.br/partidas/nbb-20162017-sesi-franca-x-mogi-01042017-1400/
1149,https://lnb.com.br/partidas/nbb-20162017-macae-basquete-x-minas-01042017-1400/
1150,https://lnb.com.br/partidas/nbb-20162017-flamengo-x-brasilia-01042017-1400/
1151,https://lnb.com.br/partidas/nbb-20162017-vasco-da-gama-x-pinheiros-04042017-1930/
1152,https://lnb.com.br/partidas/nbb-20162017-macae-basquete-x-bauru-05042017-1900/
1153,https://lnb.com.br/partidas/nbb-20162017-basq-cearense-x-paulistano-06042017-2030/
1154,https://lnb.com.br/partidas/nbb-20162017-campo-mourao-x-vitoria-07042017-1930/
1155,https://lnb.com.br/partidas/nbb-20162017-pinheiros-x-vasco-da-gama-07042017-2130/
1156,https://lnb.com.br/partidas/nbb-20162017-bauru-x-macae-basquete-08042017-1400/
1157,https://lnb.com.br/partidas/nbb-20162017-pinheiros-x-vasco-da-gama-09042017-1600/
1158,https://lnb.com.br/partidas/nbb-20162017-paulistano-x-basq-cearense-09042017-1900/
1159,https://lnb.com.br/partidas/nbb-20162017-bauru-x-macae-basquete-10042017-2015/
1160,https://lnb.com.br/partidas/nbb-20162017-paulistano-x-basq-cearense-11042017-1900/
1161,https://lnb.com.br/partidas/nbb-20162017-vitoria-x-campo-mourao-11042017-2100/
1162,https://lnb.com.br/partidas/nbb-20162017-vitoria-x-campo-mourao-13042017-2000/
1163,https://lnb.com.br/partidas/nbb-20162017-basq-cearense-x-paulistano-15042017-1400/
1164,https://lnb.com.br/partidas/nbb-20162017-vasco-da-gama-x-pinheiros-15042017-1900/
1165,https://lnb.com.br/partidas/nbb-20162017-campo-mourao-x-vitoria-16042017-1100/
1166,https://lnb.com.br/partidas/nbb-20162017-pinheiros-x-vasco-da-gama-17042017-1930/
1167,https://lnb.com.br/partidas/nbb-20162017-paulistano-x-basq-cearense-18042017-1930/
1168,https://lnb.com.br/partidas/nbb-20162017-vitoria-x-campo-mourao-18042017-2130/
1169,https://lnb.com.br/partidas/nbb-20162017-bauru-x-brasilia-20042017-2000/
1170,https://lnb.com.br/partidas/nbb-20162017-pinheiros-x-flamengo-21042017-2100/
1171,https://lnb.com.br/partidas/nbb-20162017-paulistano-x-sesi-franca-22042017-1400/
1172,https://lnb.com.br/partidas/nbb-20162017-vitoria-x-mogi-22042017-1900/
1173,https://lnb.com.br/partidas/nbb-20162017-brasilia-x-bauru-23042017-1800/
1174,https://lnb.com.br/partidas/nbb-20162017-flamengo-x-pinheiros-24042017-1930/
1175,https://lnb.com.br/partidas/nbb-20162017-sesi-franca-x-paulistano-25042017-1930/
1176,https://lnb.com.br/partidas/nbb-20162017-brasilia-x-bauru-25042017-2130/
1177,https://lnb.com.br/partidas/nbb-20162017-flamengo-x-pinheiros-26042017-1930/
1178,https://lnb.com.br/partidas/nbb-20162017-mogi-x-vitoria-27042017-2000/
1179,https://lnb.com.br/partidas/nbb-20162017-sesi-franca-x-paulistano-28042017-1930/
1180,https://lnb.com.br/partidas/nbb-20162017-mogi-x-vitoria-29042017-1400/
1181,https://lnb.com.br/partidas/nbb-20162017-bauru-x-brasilia-30042017-1830/
1182,https://lnb.com.br/partidas/nbb-20162017-pinheiros-x-flamengo-01052017-1900/
1183,https://lnb.com.br/partidas/nbb-20162017-paulistano-x-sesi-franca-02052017-1930/
1184,https://lnb.com.br/partidas/nbb-20162017-vitoria-x-mogi-02052017-2130/
1185,https://lnb.com.br/partidas/nbb-20162017-pinheiros-x-bauru-08052017-1930/
1186,https://lnb.com.br/partidas/nbb-20162017-vitoria-x-paulistano-09052017-1930/
1187,https://lnb.com.br/partidas/nbb-20162017-paulistano-x-vitoria-12052017-1930/
1188,https://lnb.com.br/partidas/nbb-20162017-bauru-x-pinheiros-13052017-1400/
1189,https://lnb.com.br/partidas/nbb-20162017-paulistano-x-vitoria-14052017-1100/
1190,https://lnb.com.br/partidas/nbb-20162017-bauru-x-pinheiros-15052017-1930/
1191,https://lnb.com.br/partidas/nbb-20162017-pinheiros-x-bauru-20052017-1400/
1192,https://lnb.com.br/partidas/nbb-20162017-bauru-x-pinheiros-23052017-1930/
1193,https://lnb.com.br/partidas/nbb-20162017-paulistano-x-bauru-27052017-1400/
1194,https://lnb.com.br/partidas/nbb-20162017-bauru-x-paulistano-02062017-1930/
1195,https://lnb.com.br/partidas/nbb-20162017-bauru-x-paulistano-04062017-1435/
1196,https://lnb.com.br/partidas/nbb-20162017-bauru-x-paulistano-17062017-1430/
1197,https://lnb.com.br/noticias/no-panela-e-diferente/
1198,https://lnb.com.br/noticias/com_a_mao_direita/
1199,https://lnb.com.br/noticias/tinha-que-ser-ele/
1200,https://lnb.com.br/noticias/na-pegada-6/
1201,https://lnb.com.br/noticias/noite-de-garcom/
1202,https://lnb.com.br/noticias/saiunafrente/
1203,https://lnb.com.br/noticias/jogo-duro_/
1204,https://lnb.com.br/noticias/ampla-artilharia/
1205,https://lnb.com.br/noticias/a_primeira_/
1206,https://lnb.com.br/noticias/no-sufoco-4/
1207,https://lnb.com.br/noticias/comeco-quente/
1208,https://lnb.com.br/noticias/poe_na_conta/
1209,https://lnb.com.br/noticias/suada-vitoria/
1210,https://lnb.com.br/noticias/jogou-junto/
1211,https://lnb.com.br/noticias/sai-que-e-minha_/
1212,https://lnb.com.br/noticias/forca-do-hugao/
1213,https://lnb.com.br/noticias/na-hora-decisiva/
1214,https://lnb.com.br/noticias/quevirada/
1215,https://lnb.com.br/noticias/virada-heroica-2/
1216,https://lnb.com.br/noticias/3-0/
1217,https://lnb.com.br/noticias/sequencia-estendida/
1218,https://lnb.com.br/noticias/ninguem-para-4/
1219,https://lnb.com.br/noticias/voltou-a-vencer-3/
1220,https://lnb.com.br/noticias/a-area-e-dele/
1221,https://lnb.com.br/noticias/imparavel-2/
1222,https://lnb.com.br/noticias/pra-ficar-marcado-2/
1223,https://lnb.com.br/noticias/invicto-sim-2/
1224,https://lnb.com.br/noticias/incontestavel-5/
1225,https://lnb.com.br/noticias/boa-fase-mantida/
1226,https://lnb.com.br/noticias/ninguem-tira-4/
1227,https://lnb.com.br/noticias/mare-alta-2/
1228,https://lnb.com.br/noticias/moral_la_em_cima_/
1229,https://lnb.com.br/noticias/aqui-nao-macae/
1230,https://lnb.com.br/noticias/recuperado-5/
1231,https://lnb.com.br/noticias/sem_chance/
1232,https://lnb.com.br/noticias/que-vitoria_/
1233,https://lnb.com.br/noticias/engatou-a-4/
1234,https://lnb.com.br/noticias/so_na_prorrogacao/
1235,https://lnb.com.br/noticias/so-crescendo/
1236,https://lnb.com.br/noticias/prazer-wesley-sena/
1237,https://lnb.com.br/noticias/logo-no-comeco/
1238,https://lnb.com.br/noticias/em-alta-4/
1239,https://lnb.com.br/noticias/construida-no-inicio-3/
1240,https://lnb.com.br/noticias/e_minha/
1241,https://lnb.com.br/noticias/invencibilidade-mantida-3/
1242,https://lnb.com.br/noticias/deutudocerto_/
1243,https://lnb.com.br/noticias/de_volta_aos_trilhos/
1244,https://lnb.com.br/noticias/deu-mengao-2/
1245,https://lnb.com.br/noticias/que-jogo-2/
1246,https://lnb.com.br/noticias/a-primeira-no-vascao/
1247,https://lnb.com.br/noticias/setima-na-conta/
1248,https://lnb.com.br/noticias/oito-e-contando/
1249,https://lnb.com.br/noticias/demonstracao-de-forca-2/
1250,https://lnb.com.br/noticias/dominante-6/
1251,https://lnb.com.br/noticias/pra-ficar-na-cola/
1252,https://lnb.com.br/noticias/que-virada-3/
1253,https://lnb.com.br/noticias/grande-vitoria-3/
1254,https://lnb.com.br/noticias/e-no-fim-deu-minas/
1255,https://lnb.com.br/noticias/pegando_embalo_-2/
1256,https://lnb.com.br/noticias/ousadia-pinheirense/
1257,https://lnb.com.br/noticias/atuacao_de_gala_/
1258,https://lnb.com.br/noticias/logo-no-inicio/
1259,https://lnb.com.br/noticias/alienigena-voou/
1260,https://lnb.com.br/noticias/acabou-o-cao/
1261,https://lnb.com.br/noticias/no-topo-2/
1262,https://lnb.com.br/noticias/fim-da-invencibilidade/
1263,https://lnb.com.br/noticias/segurou-a-pressao/
1264,https://lnb.com.br/noticias/firme-no-g-4-2/
1265,https://lnb.com.br/noticias/a-primeira-6/
1266,https://lnb.com.br/noticias/nos-detalhes/
1267,https://lnb.com.br/noticias/foco-mantido/
1268,https://lnb.com.br/noticias/ufaa/
1269,https://lnb.com.br/noticias/uniao-mineira/
1270,https://lnb.com.br/noticias/_aqui_nao_/
1271,https://lnb.com.br/noticias/dezena-bauruense/
1272,https://lnb.com.br/noticias/na-conta-do-espanhol/
1273,https://lnb.com.br/noticias/tabu-ampliado/
1274,https://lnb.com.br/noticias/de-volta-a-lideranca/
1275,https://lnb.com.br/noticias/virada-a-mineira/
1276,https://lnb.com.br/noticias/de-novo-ele/
1277,https://lnb.com.br/noticias/na-cola/
1278,https://lnb.com.br/noticias/nota-oficial-9/
1279,https://lnb.com.br/noticias/_devirada_/
1280,https://lnb.com.br/noticias/de-volta-aos-trilhos-4/
1281,https://lnb.com.br/noticias/valentia-francana/
1282,https://lnb.com.br/noticias/fechou-com-vitoria-2/
1283,https://lnb.com.br/noticias/triunfo-maiusculo/
1284,https://lnb.com.br/noticias/vitoria-que-vale-muito/
1285,https://lnb.com.br/noticias/nao-no-meu-habitat/
1286,https://lnb.com.br/noticias/defesa-defesa/
1287,https://lnb.com.br/noticias/oxente-lucas/
1288,https://lnb.com.br/noticias/grande-vitoria_/
1289,https://lnb.com.br/noticias/artilharia-pesada/
1290,https://lnb.com.br/noticias/fla-x-mac/
1291,https://lnb.com.br/noticias/so-deu-bauru/
1292,https://lnb.com.br/noticias/alma-lavada/
1293,https://lnb.com.br/noticias/deu-ceara/
1294,https://lnb.com.br/noticias/deu-tudo-certo-4/
1295,https://lnb.com.br/noticias/so-nao-fez-chover/
1296,https://lnb.com.br/noticias/dupla-brilhante/
1297,https://lnb.com.br/noticias/foi-no-coracao/
1298,https://lnb.com.br/noticias/de-volta-aos-trilhos-5/
1299,https://lnb.com.br/noticias/pra-ganhar-moral-2/
1300,https://lnb.com.br/noticias/dominio-rubro-negro/
1301,https://lnb.com.br/noticias/poder-defensivo/
1302,https://lnb.com.br/noticias/bola-no-toledo/
1303,https://lnb.com.br/noticias/sobrou-em-quadra/
1304,https://lnb.com.br/noticias/causou-2/
1305,https://lnb.com.br/noticias/rumo-certo/
1306,https://lnb.com.br/noticias/festa_completa_/
1307,https://lnb.com.br/noticias/bem-vindo-ao-g-4/
1308,https://lnb.com.br/noticias/ta-dificil-de-segurar/
1309,https://lnb.com.br/noticias/maisliderdoquenunca/
1310,https://lnb.com.br/noticias/eles-nao-param/
1311,https://lnb.com.br/noticias/ufaaa/
1312,https://lnb.com.br/noticias/nove-e-contando/
1313,https://lnb.com.br/noticias/showtime-2/
1314,https://lnb.com.br/noticias/voando_baixo/
1315,https://lnb.com.br/noticias/no-sufoco-5/
1316,https://lnb.com.br/noticias/dominio-completo/
1317,https://lnb.com.br/noticias/no-detalhe-4/
1318,https://lnb.com.br/noticias/sprintfinal_/
1319,https://lnb.com.br/noticias/cabeca_no_lugar_/
1320,https://lnb.com.br/noticias/no-caminho-certo-4/
1321,https://lnb.com.br/noticias/na-cola-do-lider-3/
1322,https://lnb.com.br/noticias/sobrando-em-2016/
1323,https://lnb.com.br/noticias/de-volta-aos-trilhos-6/
1324,https://lnb.com.br/noticias/momento-historico-3/
1325,https://lnb.com.br/noticias/sai-que-e-meu-2/
1326,https://lnb.com.br/noticias/sonoultimoquarto/
1327,https://lnb.com.br/noticias/vitoria-que-vale-muito-2/
1328,https://lnb.com.br/noticias/segura-o-trio/
1329,https://lnb.com.br/noticias/virada-nao-no-vascao/
1330,https://lnb.com.br/noticias/noite-de-fischer/
1331,https://lnb.com.br/noticias/de-olho-no-g-12/
1332,https://lnb.com.br/noticias/iluminado/
1333,https://lnb.com.br/noticias/estragou-a-festa/
1334,https://lnb.com.br/noticias/nivel-g-4/
1335,https://lnb.com.br/noticias/pediu-passagem/
1336,https://lnb.com.br/noticias/alta-tensao/
1337,https://lnb.com.br/noticias/forca-do-hugao_/
1338,https://lnb.com.br/noticias/voa-carcara/
1339,https://lnb.com.br/noticias/rumo-retomado/
1340,https://lnb.com.br/noticias/nao-no-hugao/
1341,https://lnb.com.br/noticias/no-rumo-certo-2/
1342,https://lnb.com.br/noticias/ritmo-acelerado/
1343,https://lnb.com.br/noticias/so-na-etapa-final/
1344,https://lnb.com.br/noticias/acabou-o-jejum/
1345,https://lnb.com.br/noticias/vitoriahistorica/
1346,https://lnb.com.br/noticias/fulvio-neles/
1347,https://lnb.com.br/noticias/isso-e-derby/
1348,https://lnb.com.br/noticias/um-passo-de-cada-vez/
1349,https://lnb.com.br/noticias/pra-ganhar-moral-3/
1350,https://lnb.com.br/noticias/pegada-mantida/
1351,https://lnb.com.br/noticias/devidamente-recuperado/
1352,https://lnb.com.br/noticias/100-lider/
1353,https://lnb.com.br/noticias/fechou-com-propriedade/
1354,https://lnb.com.br/noticias/nem_ai_/
1355,https://lnb.com.br/noticias/verdadeira-batalha/
1356,https://lnb.com.br/noticias/deitou-e-rolou/
1357,https://lnb.com.br/noticias/eletrizante-4/
1358,https://lnb.com.br/noticias/ruge-forte-leao/
1359,https://lnb.com.br/noticias/acima-das-nuvens/
1360,https://lnb.com.br/noticias/noite-da-molecada/
1361,https://lnb.com.br/noticias/missao-g12/
1362,https://lnb.com.br/noticias/de-volta-aos-trilhos-7/
1363,https://lnb.com.br/noticias/voo-rio-clarense/
1364,https://lnb.com.br/noticias/no-hugao-o-bicho-pega/
1365,https://lnb.com.br/noticias/gigante-vitoria/
1366,https://lnb.com.br/noticias/mais-uma-no-hugao/
1367,https://lnb.com.br/noticias/teve-que-suar/
1368,https://lnb.com.br/noticias/thats-my-house/
1369,https://lnb.com.br/noticias/terceira-e-contando/
1370,https://lnb.com.br/noticias/exibicao-de-gala/
1371,https://lnb.com.br/noticias/visitante-indigesto-2/
1372,https://lnb.com.br/noticias/quebrou-a-banca/
1373,https://lnb.com.br/noticias/pensando-grande/
1374,https://lnb.com.br/noticias/noite-dos-sonhos/
1375,https://lnb.com.br/noticias/franca-nos-playoffs/
1376,https://lnb.com.br/noticias/triunfo-importantissimo/
1377,https://lnb.com.br/noticias/embolou-de-vez/
1378,https://lnb.com.br/noticias/estana_briga_/
1379,https://lnb.com.br/noticias/fim-do-tabu/
1380,https://lnb.com.br/noticias/segurem-eles/
1381,https://lnb.com.br/noticias/vitoria-gigantesca/
1382,https://lnb.com.br/noticias/destruidor_/
1383,https://lnb.com.br/noticias/chegandola_/
1384,https://lnb.com.br/noticias/bola-no-sosa/
1385,https://lnb.com.br/noticias/segura-a-dupla/
1386,https://lnb.com.br/noticias/lideranca-mais-que-segura/
1387,https://lnb.com.br/noticias/fundamental-3/
1388,https://lnb.com.br/noticias/sem-crise-2/
1389,https://lnb.com.br/noticias/mais-uma-na-conta-4/
1390,https://lnb.com.br/noticias/reacao-incrivel/
1391,https://lnb.com.br/noticias/despertou-cedo/
1392,https://lnb.com.br/noticias/ritmo-de-playoff/
1393,https://lnb.com.br/noticias/travessura-macaense/
1394,https://lnb.com.br/noticias/e-do-bauru/
1395,https://lnb.com.br/noticias/sem_essa_/
1396,https://lnb.com.br/noticias/ainda-na-briga-4/
1397,https://lnb.com.br/noticias/lider-dominante/
1398,https://lnb.com.br/noticias/viva-o-nordeste/
1399,https://lnb.com.br/noticias/premio-merecido/
1400,https://lnb.com.br/noticias/com-chave-de-ouro-4/
1401,https://lnb.com.br/noticias/caxias-nos-playoffs/
1402,https://lnb.com.br/noticias/com-tudo-para-os-playoffs/
1403,https://lnb.com.br/noticias/vamos-as-oitavas/
1404,https://lnb.com.br/noticias/vitoria-epica/
1405,https://lnb.com.br/noticias/o-vascao-tem-dono/
1406,https://lnb.com.br/noticias/heroico-minas/
1407,https://lnb.com.br/noticias/quanta-emocao-4/
1408,https://lnb.com.br/noticias/tudo_igual_/
1409,https://lnb.com.br/noticias/devidamente-empatado/
1410,https://lnb.com.br/noticias/na_hora_certa_/
1411,https://lnb.com.br/noticias/vantagem-ampliada-2/
1412,https://lnb.com.br/noticias/ainda-mais-perto/
1413,https://lnb.com.br/noticias/a-um-passo-das-quartas/
1414,https://lnb.com.br/noticias/incontestavel-6/
1415,https://lnb.com.br/noticias/vivo_na_briga_/
1416,https://lnb.com.br/noticias/que-venha-o-jogo-5/
1417,https://lnb.com.br/noticias/quartasdefinalaivoueu/
1418,https://lnb.com.br/noticias/pressao-que-nada/
1419,https://lnb.com.br/noticias/faz-a-festa-rio-claro/
1420,https://lnb.com.br/noticias/e-o-time-da-virada/
1421,https://lnb.com.br/noticias/espetacular_/
1422,https://lnb.com.br/noticias/no_coracao/
1423,https://lnb.com.br/noticias/mengao-na-frente/
1424,https://lnb.com.br/noticias/chuva-ou-tempestade/
1425,https://lnb.com.br/noticias/de_ponta_a_ponta_/
1426,https://lnb.com.br/noticias/tudo-igual-9/
1427,https://lnb.com.br/noticias/inacreditavel-4/
1428,https://lnb.com.br/noticias/a-um-passo-da-semi-2/
1429,https://lnb.com.br/noticias/show-em-dose-dupla/
1430,https://lnb.com.br/noticias/sempre-flamengo-2/
1431,https://lnb.com.br/noticias/desistir_jamais_/
1432,https://lnb.com.br/noticias/ta-virando-rotina/
1433,https://lnb.com.br/noticias/velha-nova-sensacao/
1434,https://lnb.com.br/noticias/e-semi-bauru/
1435,https://lnb.com.br/noticias/quanta_emocao_/
1436,https://lnb.com.br/noticias/so_deu_bauru_/
1437,https://lnb.com.br/noticias/isso-aqui-e-flamengo/
1438,https://lnb.com.br/noticias/passo-largo/
1439,https://lnb.com.br/noticias/mogigante/
1440,https://lnb.com.br/noticias/panela-em-chamas/
1441,https://lnb.com.br/noticias/resistencia-rubro-negra/
1442,https://lnb.com.br/noticias/e-final-mengao/
1443,https://lnb.com.br/noticias/com-o-pe-na-porta/
1444,https://lnb.com.br/noticias/longe-de-acabar-2/
1445,https://lnb.com.br/noticias/segurouelevou/
1446,https://lnb.com.br/noticias/partiu-jogo-5/
1447,https://lnb.com.br/noticias/flamengo-e-penta/
